<?xml version="1.0" encoding="UTF-8"?>
<spirit:component xmlns:xilinx="http://www.xilinx.com" xmlns:spirit="http://www.spiritconsortium.org/XMLSchema/SPIRIT/1685-2009" xmlns:xsi="http://www.w3.org/2001/XMLSchema-instance">
  <spirit:vendor>xilinx.com</spirit:vendor>
  <spirit:library>customized_ip</spirit:library>
  <spirit:name>design_1_keyboard_subordinate_0_0</spirit:name>
  <spirit:version>1.0</spirit:version>
  <spirit:busInterfaces>
    <spirit:busInterface>
      <spirit:name>S00_AXI</spirit:name>
      <spirit:busType spirit:vendor="xilinx.com" spirit:library="interface" spirit:name="aximm" spirit:version="1.0"/>
      <spirit:abstractionType spirit:vendor="xilinx.com" spirit:library="interface" spirit:name="aximm_rtl" spirit:version="1.0"/>
      <spirit:slave>
        <spirit:memoryMapRef spirit:memoryMapRef="S00_AXI"/>
      </spirit:slave>
      <spirit:portMaps>
        <spirit:portMap>
          <spirit:logicalPort>
            <spirit:name>AWADDR</spirit:name>
          </spirit:logicalPort>
          <spirit:physicalPort>
            <spirit:name>s00_axi_awaddr</spirit:name>
          </spirit:physicalPort>
        </spirit:portMap>
        <spirit:portMap>
          <spirit:logicalPort>
            <spirit:name>AWPROT</spirit:name>
          </spirit:logicalPort>
          <spirit:physicalPort>
            <spirit:name>s00_axi_awprot</spirit:name>
          </spirit:physicalPort>
        </spirit:portMap>
        <spirit:portMap>
          <spirit:logicalPort>
            <spirit:name>AWVALID</spirit:name>
          </spirit:logicalPort>
          <spirit:physicalPort>
            <spirit:name>s00_axi_awvalid</spirit:name>
          </spirit:physicalPort>
        </spirit:portMap>
        <spirit:portMap>
          <spirit:logicalPort>
            <spirit:name>AWREADY</spirit:name>
          </spirit:logicalPort>
          <spirit:physicalPort>
            <spirit:name>s00_axi_awready</spirit:name>
          </spirit:physicalPort>
        </spirit:portMap>
        <spirit:portMap>
          <spirit:logicalPort>
            <spirit:name>WDATA</spirit:name>
          </spirit:logicalPort>
          <spirit:physicalPort>
            <spirit:name>s00_axi_wdata</spirit:name>
          </spirit:physicalPort>
        </spirit:portMap>
        <spirit:portMap>
          <spirit:logicalPort>
            <spirit:name>WSTRB</spirit:name>
          </spirit:logicalPort>
          <spirit:physicalPort>
            <spirit:name>s00_axi_wstrb</spirit:name>
          </spirit:physicalPort>
        </spirit:portMap>
        <spirit:portMap>
          <spirit:logicalPort>
            <spirit:name>WVALID</spirit:name>
          </spirit:logicalPort>
          <spirit:physicalPort>
            <spirit:name>s00_axi_wvalid</spirit:name>
          </spirit:physicalPort>
        </spirit:portMap>
        <spirit:portMap>
          <spirit:logicalPort>
            <spirit:name>WREADY</spirit:name>
          </spirit:logicalPort>
          <spirit:physicalPort>
            <spirit:name>s00_axi_wready</spirit:name>
          </spirit:physicalPort>
        </spirit:portMap>
        <spirit:portMap>
          <spirit:logicalPort>
            <spirit:name>BRESP</spirit:name>
          </spirit:logicalPort>
          <spirit:physicalPort>
            <spirit:name>s00_axi_bresp</spirit:name>
          </spirit:physicalPort>
        </spirit:portMap>
        <spirit:portMap>
          <spirit:logicalPort>
            <spirit:name>BVALID</spirit:name>
          </spirit:logicalPort>
          <spirit:physicalPort>
            <spirit:name>s00_axi_bvalid</spirit:name>
          </spirit:physicalPort>
        </spirit:portMap>
        <spirit:portMap>
          <spirit:logicalPort>
            <spirit:name>BREADY</spirit:name>
          </spirit:logicalPort>
          <spirit:physicalPort>
            <spirit:name>s00_axi_bready</spirit:name>
          </spirit:physicalPort>
        </spirit:portMap>
        <spirit:portMap>
          <spirit:logicalPort>
            <spirit:name>ARADDR</spirit:name>
          </spirit:logicalPort>
          <spirit:physicalPort>
            <spirit:name>s00_axi_araddr</spirit:name>
          </spirit:physicalPort>
        </spirit:portMap>
        <spirit:portMap>
          <spirit:logicalPort>
            <spirit:name>ARPROT</spirit:name>
          </spirit:logicalPort>
          <spirit:physicalPort>
            <spirit:name>s00_axi_arprot</spirit:name>
          </spirit:physicalPort>
        </spirit:portMap>
        <spirit:portMap>
          <spirit:logicalPort>
            <spirit:name>ARVALID</spirit:name>
          </spirit:logicalPort>
          <spirit:physicalPort>
            <spirit:name>s00_axi_arvalid</spirit:name>
          </spirit:physicalPort>
        </spirit:portMap>
        <spirit:portMap>
          <spirit:logicalPort>
            <spirit:name>ARREADY</spirit:name>
          </spirit:logicalPort>
          <spirit:physicalPort>
            <spirit:name>s00_axi_arready</spirit:name>
          </spirit:physicalPort>
        </spirit:portMap>
        <spirit:portMap>
          <spirit:logicalPort>
            <spirit:name>RDATA</spirit:name>
          </spirit:logicalPort>
          <spirit:physicalPort>
            <spirit:name>s00_axi_rdata</spirit:name>
          </spirit:physicalPort>
        </spirit:portMap>
        <spirit:portMap>
          <spirit:logicalPort>
            <spirit:name>RRESP</spirit:name>
          </spirit:logicalPort>
          <spirit:physicalPort>
            <spirit:name>s00_axi_rresp</spirit:name>
          </spirit:physicalPort>
        </spirit:portMap>
        <spirit:portMap>
          <spirit:logicalPort>
            <spirit:name>RVALID</spirit:name>
          </spirit:logicalPort>
          <spirit:physicalPort>
            <spirit:name>s00_axi_rvalid</spirit:name>
          </spirit:physicalPort>
        </spirit:portMap>
        <spirit:portMap>
          <spirit:logicalPort>
            <spirit:name>RREADY</spirit:name>
          </spirit:logicalPort>
          <spirit:physicalPort>
            <spirit:name>s00_axi_rready</spirit:name>
          </spirit:physicalPort>
        </spirit:portMap>
      </spirit:portMaps>
      <spirit:parameters>
        <spirit:parameter>
          <spirit:name>WIZ_DATA_WIDTH</spirit:name>
          <spirit:value spirit:format="long" spirit:id="BUSIFPARAM_VALUE.S00_AXI.WIZ_DATA_WIDTH" spirit:choiceRef="choice_list_6fc15197">32</spirit:value>
        </spirit:parameter>
        <spirit:parameter>
          <spirit:name>WIZ_NUM_REG</spirit:name>
          <spirit:value spirit:format="long" spirit:id="BUSIFPARAM_VALUE.S00_AXI.WIZ_NUM_REG" spirit:minimum="4" spirit:maximum="512" spirit:rangeType="long">4</spirit:value>
        </spirit:parameter>
        <spirit:parameter>
          <spirit:name>SUPPORTS_NARROW_BURST</spirit:name>
          <spirit:value spirit:format="long" spirit:id="BUSIFPARAM_VALUE.S00_AXI.SUPPORTS_NARROW_BURST" spirit:choiceRef="choice_pairs_ce1226b1">0</spirit:value>
        </spirit:parameter>
        <spirit:parameter>
          <spirit:name>DATA_WIDTH</spirit:name>
          <spirit:value spirit:format="long" spirit:resolve="generated" spirit:id="BUSIFPARAM_VALUE.S00_AXI.DATA_WIDTH">32</spirit:value>
          <spirit:vendorExtensions>
            <xilinx:parameterInfo>
              <xilinx:parameterUsage>none</xilinx:parameterUsage>
            </xilinx:parameterInfo>
          </spirit:vendorExtensions>
        </spirit:parameter>
        <spirit:parameter>
          <spirit:name>PROTOCOL</spirit:name>
          <spirit:value spirit:resolve="generated" spirit:id="BUSIFPARAM_VALUE.S00_AXI.PROTOCOL">AXI4LITE</spirit:value>
          <spirit:vendorExtensions>
            <xilinx:parameterInfo>
              <xilinx:parameterUsage>none</xilinx:parameterUsage>
            </xilinx:parameterInfo>
          </spirit:vendorExtensions>
        </spirit:parameter>
        <spirit:parameter>
          <spirit:name>FREQ_HZ</spirit:name>
          <spirit:value spirit:format="long" spirit:resolve="generated" spirit:id="BUSIFPARAM_VALUE.S00_AXI.FREQ_HZ">100000000</spirit:value>
          <spirit:vendorExtensions>
            <xilinx:parameterInfo>
              <xilinx:parameterUsage>none</xilinx:parameterUsage>
            </xilinx:parameterInfo>
          </spirit:vendorExtensions>
        </spirit:parameter>
        <spirit:parameter>
          <spirit:name>ID_WIDTH</spirit:name>
          <spirit:value spirit:format="long" spirit:resolve="generated" spirit:id="BUSIFPARAM_VALUE.S00_AXI.ID_WIDTH">0</spirit:value>
          <spirit:vendorExtensions>
            <xilinx:parameterInfo>
              <xilinx:parameterUsage>none</xilinx:parameterUsage>
            </xilinx:parameterInfo>
          </spirit:vendorExtensions>
        </spirit:parameter>
        <spirit:parameter>
          <spirit:name>ADDR_WIDTH</spirit:name>
          <spirit:value spirit:format="long" spirit:resolve="generated" spirit:id="BUSIFPARAM_VALUE.S00_AXI.ADDR_WIDTH">32</spirit:value>
          <spirit:vendorExtensions>
            <xilinx:parameterInfo>
              <xilinx:parameterUsage>none</xilinx:parameterUsage>
            </xilinx:parameterInfo>
          </spirit:vendorExtensions>
        </spirit:parameter>
        <spirit:parameter>
          <spirit:name>AWUSER_WIDTH</spirit:name>
          <spirit:value spirit:format="long" spirit:resolve="generated" spirit:id="BUSIFPARAM_VALUE.S00_AXI.AWUSER_WIDTH">0</spirit:value>
          <spirit:vendorExtensions>
            <xilinx:parameterInfo>
              <xilinx:parameterUsage>none</xilinx:parameterUsage>
            </xilinx:parameterInfo>
          </spirit:vendorExtensions>
        </spirit:parameter>
        <spirit:parameter>
          <spirit:name>ARUSER_WIDTH</spirit:name>
          <spirit:value spirit:format="long" spirit:resolve="generated" spirit:id="BUSIFPARAM_VALUE.S00_AXI.ARUSER_WIDTH">0</spirit:value>
          <spirit:vendorExtensions>
            <xilinx:parameterInfo>
              <xilinx:parameterUsage>none</xilinx:parameterUsage>
            </xilinx:parameterInfo>
          </spirit:vendorExtensions>
        </spirit:parameter>
        <spirit:parameter>
          <spirit:name>WUSER_WIDTH</spirit:name>
          <spirit:value spirit:format="long" spirit:resolve="generated" spirit:id="BUSIFPARAM_VALUE.S00_AXI.WUSER_WIDTH">0</spirit:value>
          <spirit:vendorExtensions>
            <xilinx:parameterInfo>
              <xilinx:parameterUsage>none</xilinx:parameterUsage>
            </xilinx:parameterInfo>
          </spirit:vendorExtensions>
        </spirit:parameter>
        <spirit:parameter>
          <spirit:name>RUSER_WIDTH</spirit:name>
          <spirit:value spirit:format="long" spirit:resolve="generated" spirit:id="BUSIFPARAM_VALUE.S00_AXI.RUSER_WIDTH">0</spirit:value>
          <spirit:vendorExtensions>
            <xilinx:parameterInfo>
              <xilinx:parameterUsage>none</xilinx:parameterUsage>
            </xilinx:parameterInfo>
          </spirit:vendorExtensions>
        </spirit:parameter>
        <spirit:parameter>
          <spirit:name>BUSER_WIDTH</spirit:name>
          <spirit:value spirit:format="long" spirit:resolve="generated" spirit:id="BUSIFPARAM_VALUE.S00_AXI.BUSER_WIDTH">0</spirit:value>
          <spirit:vendorExtensions>
            <xilinx:parameterInfo>
              <xilinx:parameterUsage>none</xilinx:parameterUsage>
            </xilinx:parameterInfo>
          </spirit:vendorExtensions>
        </spirit:parameter>
        <spirit:parameter>
          <spirit:name>READ_WRITE_MODE</spirit:name>
          <spirit:value spirit:resolve="generated" spirit:id="BUSIFPARAM_VALUE.S00_AXI.READ_WRITE_MODE">READ_WRITE</spirit:value>
          <spirit:vendorExtensions>
            <xilinx:parameterInfo>
              <xilinx:parameterUsage>none</xilinx:parameterUsage>
            </xilinx:parameterInfo>
          </spirit:vendorExtensions>
        </spirit:parameter>
        <spirit:parameter>
          <spirit:name>HAS_BURST</spirit:name>
          <spirit:value spirit:format="long" spirit:resolve="generated" spirit:id="BUSIFPARAM_VALUE.S00_AXI.HAS_BURST">0</spirit:value>
          <spirit:vendorExtensions>
            <xilinx:parameterInfo>
              <xilinx:parameterUsage>none</xilinx:parameterUsage>
            </xilinx:parameterInfo>
          </spirit:vendorExtensions>
        </spirit:parameter>
        <spirit:parameter>
          <spirit:name>HAS_LOCK</spirit:name>
          <spirit:value spirit:format="long" spirit:resolve="generated" spirit:id="BUSIFPARAM_VALUE.S00_AXI.HAS_LOCK">0</spirit:value>
          <spirit:vendorExtensions>
            <xilinx:parameterInfo>
              <xilinx:parameterUsage>none</xilinx:parameterUsage>
            </xilinx:parameterInfo>
          </spirit:vendorExtensions>
        </spirit:parameter>
        <spirit:parameter>
          <spirit:name>HAS_PROT</spirit:name>
          <spirit:value spirit:format="long" spirit:resolve="generated" spirit:id="BUSIFPARAM_VALUE.S00_AXI.HAS_PROT">1</spirit:value>
          <spirit:vendorExtensions>
            <xilinx:parameterInfo>
              <xilinx:parameterUsage>none</xilinx:parameterUsage>
            </xilinx:parameterInfo>
          </spirit:vendorExtensions>
        </spirit:parameter>
        <spirit:parameter>
          <spirit:name>HAS_CACHE</spirit:name>
          <spirit:value spirit:format="long" spirit:resolve="generated" spirit:id="BUSIFPARAM_VALUE.S00_AXI.HAS_CACHE">0</spirit:value>
          <spirit:vendorExtensions>
            <xilinx:parameterInfo>
              <xilinx:parameterUsage>none</xilinx:parameterUsage>
            </xilinx:parameterInfo>
          </spirit:vendorExtensions>
        </spirit:parameter>
        <spirit:parameter>
          <spirit:name>HAS_QOS</spirit:name>
          <spirit:value spirit:format="long" spirit:resolve="generated" spirit:id="BUSIFPARAM_VALUE.S00_AXI.HAS_QOS">0</spirit:value>
          <spirit:vendorExtensions>
            <xilinx:parameterInfo>
              <xilinx:parameterUsage>none</xilinx:parameterUsage>
            </xilinx:parameterInfo>
          </spirit:vendorExtensions>
        </spirit:parameter>
        <spirit:parameter>
          <spirit:name>HAS_REGION</spirit:name>
          <spirit:value spirit:format="long" spirit:resolve="generated" spirit:id="BUSIFPARAM_VALUE.S00_AXI.HAS_REGION">0</spirit:value>
          <spirit:vendorExtensions>
            <xilinx:parameterInfo>
              <xilinx:parameterUsage>none</xilinx:parameterUsage>
            </xilinx:parameterInfo>
          </spirit:vendorExtensions>
        </spirit:parameter>
        <spirit:parameter>
          <spirit:name>HAS_WSTRB</spirit:name>
          <spirit:value spirit:format="long" spirit:resolve="generated" spirit:id="BUSIFPARAM_VALUE.S00_AXI.HAS_WSTRB">1</spirit:value>
          <spirit:vendorExtensions>
            <xilinx:parameterInfo>
              <xilinx:parameterUsage>none</xilinx:parameterUsage>
            </xilinx:parameterInfo>
          </spirit:vendorExtensions>
        </spirit:parameter>
        <spirit:parameter>
          <spirit:name>HAS_BRESP</spirit:name>
          <spirit:value spirit:format="long" spirit:resolve="generated" spirit:id="BUSIFPARAM_VALUE.S00_AXI.HAS_BRESP">1</spirit:value>
          <spirit:vendorExtensions>
            <xilinx:parameterInfo>
              <xilinx:parameterUsage>none</xilinx:parameterUsage>
            </xilinx:parameterInfo>
          </spirit:vendorExtensions>
        </spirit:parameter>
        <spirit:parameter>
          <spirit:name>HAS_RRESP</spirit:name>
          <spirit:value spirit:format="long" spirit:resolve="generated" spirit:id="BUSIFPARAM_VALUE.S00_AXI.HAS_RRESP">1</spirit:value>
          <spirit:vendorExtensions>
            <xilinx:parameterInfo>
              <xilinx:parameterUsage>none</xilinx:parameterUsage>
            </xilinx:parameterInfo>
          </spirit:vendorExtensions>
        </spirit:parameter>
        <spirit:parameter>
          <spirit:name>NUM_READ_OUTSTANDING</spirit:name>
          <spirit:value spirit:format="long" spirit:resolve="generated" spirit:id="BUSIFPARAM_VALUE.S00_AXI.NUM_READ_OUTSTANDING">2</spirit:value>
          <spirit:vendorExtensions>
            <xilinx:parameterInfo>
              <xilinx:parameterUsage>none</xilinx:parameterUsage>
            </xilinx:parameterInfo>
          </spirit:vendorExtensions>
        </spirit:parameter>
        <spirit:parameter>
          <spirit:name>NUM_WRITE_OUTSTANDING</spirit:name>
          <spirit:value spirit:format="long" spirit:resolve="generated" spirit:id="BUSIFPARAM_VALUE.S00_AXI.NUM_WRITE_OUTSTANDING">2</spirit:value>
          <spirit:vendorExtensions>
            <xilinx:parameterInfo>
              <xilinx:parameterUsage>none</xilinx:parameterUsage>
            </xilinx:parameterInfo>
          </spirit:vendorExtensions>
        </spirit:parameter>
        <spirit:parameter>
          <spirit:name>MAX_BURST_LENGTH</spirit:name>
          <spirit:value spirit:format="long" spirit:resolve="generated" spirit:id="BUSIFPARAM_VALUE.S00_AXI.MAX_BURST_LENGTH">1</spirit:value>
          <spirit:vendorExtensions>
            <xilinx:parameterInfo>
              <xilinx:parameterUsage>none</xilinx:parameterUsage>
            </xilinx:parameterInfo>
          </spirit:vendorExtensions>
        </spirit:parameter>
        <spirit:parameter>
          <spirit:name>PHASE</spirit:name>
          <spirit:value spirit:format="float" spirit:resolve="generated" spirit:id="BUSIFPARAM_VALUE.S00_AXI.PHASE">0.0</spirit:value>
          <spirit:vendorExtensions>
            <xilinx:parameterInfo>
              <xilinx:parameterUsage>none</xilinx:parameterUsage>
            </xilinx:parameterInfo>
          </spirit:vendorExtensions>
        </spirit:parameter>
        <spirit:parameter>
          <spirit:name>CLK_DOMAIN</spirit:name>
          <spirit:value spirit:resolve="generated" spirit:id="BUSIFPARAM_VALUE.S00_AXI.CLK_DOMAIN">/clk_wiz_0_clk_out1</spirit:value>
          <spirit:vendorExtensions>
            <xilinx:parameterInfo>
              <xilinx:parameterUsage>none</xilinx:parameterUsage>
            </xilinx:parameterInfo>
          </spirit:vendorExtensions>
        </spirit:parameter>
        <spirit:parameter>
          <spirit:name>NUM_READ_THREADS</spirit:name>
          <spirit:value spirit:format="long" spirit:resolve="generated" spirit:id="BUSIFPARAM_VALUE.S00_AXI.NUM_READ_THREADS">1</spirit:value>
          <spirit:vendorExtensions>
            <xilinx:parameterInfo>
              <xilinx:parameterUsage>none</xilinx:parameterUsage>
            </xilinx:parameterInfo>
          </spirit:vendorExtensions>
        </spirit:parameter>
        <spirit:parameter>
          <spirit:name>NUM_WRITE_THREADS</spirit:name>
          <spirit:value spirit:format="long" spirit:resolve="generated" spirit:id="BUSIFPARAM_VALUE.S00_AXI.NUM_WRITE_THREADS">1</spirit:value>
          <spirit:vendorExtensions>
            <xilinx:parameterInfo>
              <xilinx:parameterUsage>none</xilinx:parameterUsage>
            </xilinx:parameterInfo>
          </spirit:vendorExtensions>
        </spirit:parameter>
        <spirit:parameter>
          <spirit:name>RUSER_BITS_PER_BYTE</spirit:name>
          <spirit:value spirit:format="long" spirit:resolve="generated" spirit:id="BUSIFPARAM_VALUE.S00_AXI.RUSER_BITS_PER_BYTE">0</spirit:value>
          <spirit:vendorExtensions>
            <xilinx:parameterInfo>
              <xilinx:parameterUsage>none</xilinx:parameterUsage>
            </xilinx:parameterInfo>
          </spirit:vendorExtensions>
        </spirit:parameter>
        <spirit:parameter>
          <spirit:name>WUSER_BITS_PER_BYTE</spirit:name>
          <spirit:value spirit:format="long" spirit:resolve="generated" spirit:id="BUSIFPARAM_VALUE.S00_AXI.WUSER_BITS_PER_BYTE">0</spirit:value>
          <spirit:vendorExtensions>
            <xilinx:parameterInfo>
              <xilinx:parameterUsage>none</xilinx:parameterUsage>
            </xilinx:parameterInfo>
          </spirit:vendorExtensions>
        </spirit:parameter>
        <spirit:parameter>
          <spirit:name>INSERT_VIP</spirit:name>
          <spirit:value spirit:format="long" spirit:resolve="user" spirit:id="BUSIFPARAM_VALUE.S00_AXI.INSERT_VIP">0</spirit:value>
          <spirit:vendorExtensions>
            <xilinx:parameterInfo>
              <xilinx:parameterUsage>simulation.rtl</xilinx:parameterUsage>
            </xilinx:parameterInfo>
          </spirit:vendorExtensions>
        </spirit:parameter>
      </spirit:parameters>
    </spirit:busInterface>
    <spirit:busInterface>
      <spirit:name>S00_AXI_RST</spirit:name>
      <spirit:busType spirit:vendor="xilinx.com" spirit:library="signal" spirit:name="reset" spirit:version="1.0"/>
      <spirit:abstractionType spirit:vendor="xilinx.com" spirit:library="signal" spirit:name="reset_rtl" spirit:version="1.0"/>
      <spirit:slave/>
      <spirit:portMaps>
        <spirit:portMap>
          <spirit:logicalPort>
            <spirit:name>RST</spirit:name>
          </spirit:logicalPort>
          <spirit:physicalPort>
            <spirit:name>s00_axi_aresetn</spirit:name>
          </spirit:physicalPort>
        </spirit:portMap>
      </spirit:portMaps>
      <spirit:parameters>
        <spirit:parameter>
          <spirit:name>POLARITY</spirit:name>
          <spirit:value spirit:id="BUSIFPARAM_VALUE.S00_AXI_RST.POLARITY" spirit:choiceRef="choice_list_9d8b0d81">ACTIVE_LOW</spirit:value>
        </spirit:parameter>
        <spirit:parameter>
          <spirit:name>INSERT_VIP</spirit:name>
          <spirit:value spirit:format="long" spirit:resolve="user" spirit:id="BUSIFPARAM_VALUE.S00_AXI_RST.INSERT_VIP">0</spirit:value>
          <spirit:vendorExtensions>
            <xilinx:parameterInfo>
              <xilinx:parameterUsage>simulation.rtl</xilinx:parameterUsage>
            </xilinx:parameterInfo>
          </spirit:vendorExtensions>
        </spirit:parameter>
      </spirit:parameters>
    </spirit:busInterface>
    <spirit:busInterface>
      <spirit:name>S00_AXI_CLK</spirit:name>
      <spirit:busType spirit:vendor="xilinx.com" spirit:library="signal" spirit:name="clock" spirit:version="1.0"/>
      <spirit:abstractionType spirit:vendor="xilinx.com" spirit:library="signal" spirit:name="clock_rtl" spirit:version="1.0"/>
      <spirit:slave/>
      <spirit:portMaps>
        <spirit:portMap>
          <spirit:logicalPort>
            <spirit:name>CLK</spirit:name>
          </spirit:logicalPort>
          <spirit:physicalPort>
            <spirit:name>s00_axi_aclk</spirit:name>
          </spirit:physicalPort>
        </spirit:portMap>
      </spirit:portMaps>
      <spirit:parameters>
        <spirit:parameter>
          <spirit:name>ASSOCIATED_BUSIF</spirit:name>
          <spirit:value spirit:id="BUSIFPARAM_VALUE.S00_AXI_CLK.ASSOCIATED_BUSIF">S00_AXI</spirit:value>
        </spirit:parameter>
        <spirit:parameter>
          <spirit:name>ASSOCIATED_RESET</spirit:name>
          <spirit:value spirit:id="BUSIFPARAM_VALUE.S00_AXI_CLK.ASSOCIATED_RESET">s00_axi_aresetn</spirit:value>
        </spirit:parameter>
        <spirit:parameter>
          <spirit:name>FREQ_HZ</spirit:name>
          <spirit:value spirit:format="long" spirit:resolve="generated" spirit:id="BUSIFPARAM_VALUE.S00_AXI_CLK.FREQ_HZ">100000000</spirit:value>
          <spirit:vendorExtensions>
            <xilinx:parameterInfo>
              <xilinx:parameterUsage>none</xilinx:parameterUsage>
            </xilinx:parameterInfo>
          </spirit:vendorExtensions>
        </spirit:parameter>
        <spirit:parameter>
          <spirit:name>PHASE</spirit:name>
          <spirit:value spirit:format="float" spirit:resolve="generated" spirit:id="BUSIFPARAM_VALUE.S00_AXI_CLK.PHASE">0.0</spirit:value>
          <spirit:vendorExtensions>
            <xilinx:parameterInfo>
              <xilinx:parameterUsage>none</xilinx:parameterUsage>
            </xilinx:parameterInfo>
          </spirit:vendorExtensions>
        </spirit:parameter>
        <spirit:parameter>
          <spirit:name>CLK_DOMAIN</spirit:name>
          <spirit:value spirit:resolve="generated" spirit:id="BUSIFPARAM_VALUE.S00_AXI_CLK.CLK_DOMAIN">/clk_wiz_0_clk_out1</spirit:value>
          <spirit:vendorExtensions>
            <xilinx:parameterInfo>
              <xilinx:parameterUsage>none</xilinx:parameterUsage>
            </xilinx:parameterInfo>
          </spirit:vendorExtensions>
        </spirit:parameter>
        <spirit:parameter>
          <spirit:name>INSERT_VIP</spirit:name>
          <spirit:value spirit:format="long" spirit:resolve="user" spirit:id="BUSIFPARAM_VALUE.S00_AXI_CLK.INSERT_VIP">0</spirit:value>
          <spirit:vendorExtensions>
            <xilinx:parameterInfo>
              <xilinx:parameterUsage>simulation.rtl</xilinx:parameterUsage>
            </xilinx:parameterInfo>
          </spirit:vendorExtensions>
        </spirit:parameter>
      </spirit:parameters>
    </spirit:busInterface>
  </spirit:busInterfaces>
  <spirit:memoryMaps>
    <spirit:memoryMap>
      <spirit:name>S00_AXI</spirit:name>
      <spirit:addressBlock>
        <spirit:name>S00_AXI_reg</spirit:name>
        <spirit:baseAddress spirit:format="long" spirit:resolve="user">0</spirit:baseAddress>
        <spirit:range spirit:format="long">4096</spirit:range>
        <spirit:width spirit:format="long">32</spirit:width>
        <spirit:usage>register</spirit:usage>
        <spirit:parameters>
          <spirit:parameter>
            <spirit:name>OFFSET_BASE_PARAM</spirit:name>
            <spirit:value spirit:id="ADDRBLOCKPARAM_VALUE.S00_AXI.S00_AXI_REG.OFFSET_BASE_PARAM">C_S00_AXI_BASEADDR</spirit:value>
          </spirit:parameter>
          <spirit:parameter>
            <spirit:name>OFFSET_HIGH_PARAM</spirit:name>
            <spirit:value spirit:id="ADDRBLOCKPARAM_VALUE.S00_AXI.S00_AXI_REG.OFFSET_HIGH_PARAM">C_S00_AXI_HIGHADDR</spirit:value>
          </spirit:parameter>
        </spirit:parameters>
      </spirit:addressBlock>
    </spirit:memoryMap>
  </spirit:memoryMaps>
  <spirit:model>
    <spirit:views>
      <spirit:view>
        <spirit:name>xilinx_vhdlsynthesis</spirit:name>
        <spirit:displayName>VHDL Synthesis</spirit:displayName>
        <spirit:envIdentifier>vhdlSource:vivado.xilinx.com:synthesis</spirit:envIdentifier>
        <spirit:language>vhdl</spirit:language>
        <spirit:modelName>keyboard_subordinate_v1_0</spirit:modelName>
        <spirit:fileSetRef>
          <spirit:localName>xilinx_vhdlsynthesis_view_fileset</spirit:localName>
        </spirit:fileSetRef>
        <spirit:parameters>
          <spirit:parameter>
            <spirit:name>GENtimestamp</spirit:name>
            <spirit:value>Wed Apr 20 16:39:13 UTC 2022</spirit:value>
          </spirit:parameter>
          <spirit:parameter>
            <spirit:name>outputProductCRC</spirit:name>
            <spirit:value>9:1fcecbd5</spirit:value>
          </spirit:parameter>
        </spirit:parameters>
      </spirit:view>
      <spirit:view>
        <spirit:name>xilinx_synthesisconstraints</spirit:name>
        <spirit:displayName>Synthesis Constraints</spirit:displayName>
        <spirit:envIdentifier>:vivado.xilinx.com:synthesis.constraints</spirit:envIdentifier>
        <spirit:parameters>
          <spirit:parameter>
            <spirit:name>outputProductCRC</spirit:name>
            <spirit:value>9:1fcecbd5</spirit:value>
          </spirit:parameter>
        </spirit:parameters>
      </spirit:view>
      <spirit:view>
        <spirit:name>xilinx_vhdlsynthesiswrapper</spirit:name>
        <spirit:displayName>VHDL Synthesis Wrapper</spirit:displayName>
        <spirit:envIdentifier>vhdlSource:vivado.xilinx.com:synthesis.wrapper</spirit:envIdentifier>
        <spirit:language>vhdl</spirit:language>
        <spirit:modelName>design_1_keyboard_subordinate_0_0</spirit:modelName>
        <spirit:fileSetRef>
          <spirit:localName>xilinx_vhdlsynthesiswrapper_view_fileset</spirit:localName>
        </spirit:fileSetRef>
        <spirit:parameters>
          <spirit:parameter>
            <spirit:name>GENtimestamp</spirit:name>
            <spirit:value>Wed Apr 20 16:39:13 UTC 2022</spirit:value>
          </spirit:parameter>
          <spirit:parameter>
            <spirit:name>outputProductCRC</spirit:name>
            <spirit:value>9:1fcecbd5</spirit:value>
          </spirit:parameter>
        </spirit:parameters>
      </spirit:view>
      <spirit:view>
        <spirit:name>xilinx_vhdlbehavioralsimulation</spirit:name>
        <spirit:displayName>VHDL Simulation</spirit:displayName>
        <spirit:envIdentifier>vhdlSource:vivado.xilinx.com:simulation</spirit:envIdentifier>
        <spirit:language>vhdl</spirit:language>
        <spirit:modelName>keyboard_subordinate_v1_0</spirit:modelName>
        <spirit:fileSetRef>
          <spirit:localName>xilinx_vhdlbehavioralsimulation_view_fileset</spirit:localName>
        </spirit:fileSetRef>
        <spirit:parameters>
          <spirit:parameter>
            <spirit:name>GENtimestamp</spirit:name>
            <spirit:value>Wed Apr 20 16:39:13 UTC 2022</spirit:value>
          </spirit:parameter>
          <spirit:parameter>
            <spirit:name>outputProductCRC</spirit:name>
            <spirit:value>9:c5c6f133</spirit:value>
          </spirit:parameter>
        </spirit:parameters>
      </spirit:view>
      <spirit:view>
        <spirit:name>xilinx_vhdlsimulationwrapper</spirit:name>
        <spirit:displayName>VHDL Simulation Wrapper</spirit:displayName>
        <spirit:envIdentifier>vhdlSource:vivado.xilinx.com:simulation.wrapper</spirit:envIdentifier>
        <spirit:language>vhdl</spirit:language>
        <spirit:modelName>design_1_keyboard_subordinate_0_0</spirit:modelName>
        <spirit:fileSetRef>
          <spirit:localName>xilinx_vhdlsimulationwrapper_view_fileset</spirit:localName>
        </spirit:fileSetRef>
        <spirit:parameters>
          <spirit:parameter>
            <spirit:name>GENtimestamp</spirit:name>
            <spirit:value>Wed Apr 20 16:39:13 UTC 2022</spirit:value>
          </spirit:parameter>
          <spirit:parameter>
            <spirit:name>outputProductCRC</spirit:name>
            <spirit:value>9:c5c6f133</spirit:value>
          </spirit:parameter>
        </spirit:parameters>
      </spirit:view>
      <spirit:view>
        <spirit:name>xilinx_externalfiles</spirit:name>
        <spirit:displayName>External Files</spirit:displayName>
        <spirit:envIdentifier>:vivado.xilinx.com:external.files</spirit:envIdentifier>
        <spirit:fileSetRef>
          <spirit:localName>xilinx_externalfiles_view_fileset</spirit:localName>
        </spirit:fileSetRef>
        <spirit:parameters>
          <spirit:parameter>
            <spirit:name>GENtimestamp</spirit:name>
            <spirit:value>Wed Apr 20 16:39:57 UTC 2022</spirit:value>
          </spirit:parameter>
          <spirit:parameter>
            <spirit:name>outputProductCRC</spirit:name>
            <spirit:value>9:1fcecbd5</spirit:value>
          </spirit:parameter>
        </spirit:parameters>
      </spirit:view>
    </spirit:views>
    <spirit:ports>
      <spirit:port>
        <spirit:name>I_CLK_50</spirit:name>
        <spirit:wire>
          <spirit:direction>in</spirit:direction>
          <spirit:wireTypeDefs>
            <spirit:wireTypeDef>
              <spirit:typeName>std_logic</spirit:typeName>
              <spirit:viewNameRef>xilinx_vhdlsynthesis</spirit:viewNameRef>
              <spirit:viewNameRef>xilinx_vhdlbehavioralsimulation</spirit:viewNameRef>
            </spirit:wireTypeDef>
          </spirit:wireTypeDefs>
        </spirit:wire>
      </spirit:port>
      <spirit:port>
        <spirit:name>ps2_clk</spirit:name>
        <spirit:wire>
          <spirit:direction>in</spirit:direction>
          <spirit:wireTypeDefs>
            <spirit:wireTypeDef>
              <spirit:typeName>std_logic</spirit:typeName>
              <spirit:viewNameRef>xilinx_vhdlsynthesis</spirit:viewNameRef>
              <spirit:viewNameRef>xilinx_vhdlbehavioralsimulation</spirit:viewNameRef>
            </spirit:wireTypeDef>
          </spirit:wireTypeDefs>
        </spirit:wire>
      </spirit:port>
      <spirit:port>
        <spirit:name>ps2_data</spirit:name>
        <spirit:wire>
          <spirit:direction>in</spirit:direction>
          <spirit:wireTypeDefs>
            <spirit:wireTypeDef>
              <spirit:typeName>std_logic</spirit:typeName>
              <spirit:viewNameRef>xilinx_vhdlsynthesis</spirit:viewNameRef>
              <spirit:viewNameRef>xilinx_vhdlbehavioralsimulation</spirit:viewNameRef>
            </spirit:wireTypeDef>
          </spirit:wireTypeDefs>
        </spirit:wire>
      </spirit:port>
      <spirit:port>
        <spirit:name>IRQ_O</spirit:name>
        <spirit:wire>
          <spirit:direction>out</spirit:direction>
          <spirit:wireTypeDefs>
            <spirit:wireTypeDef>
              <spirit:typeName>std_logic</spirit:typeName>
              <spirit:viewNameRef>xilinx_vhdlsynthesis</spirit:viewNameRef>
              <spirit:viewNameRef>xilinx_vhdlbehavioralsimulation</spirit:viewNameRef>
            </spirit:wireTypeDef>
          </spirit:wireTypeDefs>
        </spirit:wire>
      </spirit:port>
      <spirit:port>
        <spirit:name>s00_axi_awaddr</spirit:name>
        <spirit:wire>
          <spirit:direction>in</spirit:direction>
          <spirit:vector>
            <spirit:left spirit:format="long" spirit:resolve="dependent" spirit:dependency="(spirit:decode(id(&apos;MODELPARAM_VALUE.C_S00_AXI_ADDR_WIDTH&apos;)) - 1)">31</spirit:left>
            <spirit:right spirit:format="long">0</spirit:right>
          </spirit:vector>
          <spirit:wireTypeDefs>
            <spirit:wireTypeDef>
              <spirit:typeName>std_logic_vector</spirit:typeName>
              <spirit:viewNameRef>xilinx_vhdlsynthesis</spirit:viewNameRef>
              <spirit:viewNameRef>xilinx_vhdlbehavioralsimulation</spirit:viewNameRef>
            </spirit:wireTypeDef>
          </spirit:wireTypeDefs>
        </spirit:wire>
      </spirit:port>
      <spirit:port>
        <spirit:name>s00_axi_awprot</spirit:name>
        <spirit:wire>
          <spirit:direction>in</spirit:direction>
          <spirit:vector>
            <spirit:left spirit:format="long">2</spirit:left>
            <spirit:right spirit:format="long">0</spirit:right>
          </spirit:vector>
          <spirit:wireTypeDefs>
            <spirit:wireTypeDef>
              <spirit:typeName>std_logic_vector</spirit:typeName>
              <spirit:viewNameRef>xilinx_vhdlsynthesis</spirit:viewNameRef>
              <spirit:viewNameRef>xilinx_vhdlbehavioralsimulation</spirit:viewNameRef>
            </spirit:wireTypeDef>
          </spirit:wireTypeDefs>
        </spirit:wire>
      </spirit:port>
      <spirit:port>
        <spirit:name>s00_axi_awvalid</spirit:name>
        <spirit:wire>
          <spirit:direction>in</spirit:direction>
          <spirit:wireTypeDefs>
            <spirit:wireTypeDef>
              <spirit:typeName>std_logic</spirit:typeName>
              <spirit:viewNameRef>xilinx_vhdlsynthesis</spirit:viewNameRef>
              <spirit:viewNameRef>xilinx_vhdlbehavioralsimulation</spirit:viewNameRef>
            </spirit:wireTypeDef>
          </spirit:wireTypeDefs>
        </spirit:wire>
      </spirit:port>
      <spirit:port>
        <spirit:name>s00_axi_awready</spirit:name>
        <spirit:wire>
          <spirit:direction>out</spirit:direction>
          <spirit:wireTypeDefs>
            <spirit:wireTypeDef>
              <spirit:typeName>std_logic</spirit:typeName>
              <spirit:viewNameRef>xilinx_vhdlsynthesis</spirit:viewNameRef>
              <spirit:viewNameRef>xilinx_vhdlbehavioralsimulation</spirit:viewNameRef>
            </spirit:wireTypeDef>
          </spirit:wireTypeDefs>
        </spirit:wire>
      </spirit:port>
      <spirit:port>
        <spirit:name>s00_axi_wdata</spirit:name>
        <spirit:wire>
          <spirit:direction>in</spirit:direction>
          <spirit:vector>
            <spirit:left spirit:format="long" spirit:resolve="dependent" spirit:dependency="(spirit:decode(id(&apos;MODELPARAM_VALUE.C_S00_AXI_DATA_WIDTH&apos;)) - 1)">31</spirit:left>
            <spirit:right spirit:format="long">0</spirit:right>
          </spirit:vector>
          <spirit:wireTypeDefs>
            <spirit:wireTypeDef>
              <spirit:typeName>std_logic_vector</spirit:typeName>
              <spirit:viewNameRef>xilinx_vhdlsynthesis</spirit:viewNameRef>
              <spirit:viewNameRef>xilinx_vhdlbehavioralsimulation</spirit:viewNameRef>
            </spirit:wireTypeDef>
          </spirit:wireTypeDefs>
        </spirit:wire>
      </spirit:port>
      <spirit:port>
        <spirit:name>s00_axi_wstrb</spirit:name>
        <spirit:wire>
          <spirit:direction>in</spirit:direction>
          <spirit:vector>
            <spirit:left spirit:format="long" spirit:resolve="dependent" spirit:dependency="((spirit:decode(id(&apos;MODELPARAM_VALUE.C_S00_AXI_DATA_WIDTH&apos;)) / 8) - 1)">3</spirit:left>
            <spirit:right spirit:format="long">0</spirit:right>
          </spirit:vector>
          <spirit:wireTypeDefs>
            <spirit:wireTypeDef>
              <spirit:typeName>std_logic_vector</spirit:typeName>
              <spirit:viewNameRef>xilinx_vhdlsynthesis</spirit:viewNameRef>
              <spirit:viewNameRef>xilinx_vhdlbehavioralsimulation</spirit:viewNameRef>
            </spirit:wireTypeDef>
          </spirit:wireTypeDefs>
        </spirit:wire>
      </spirit:port>
      <spirit:port>
        <spirit:name>s00_axi_wvalid</spirit:name>
        <spirit:wire>
          <spirit:direction>in</spirit:direction>
          <spirit:wireTypeDefs>
            <spirit:wireTypeDef>
              <spirit:typeName>std_logic</spirit:typeName>
              <spirit:viewNameRef>xilinx_vhdlsynthesis</spirit:viewNameRef>
              <spirit:viewNameRef>xilinx_vhdlbehavioralsimulation</spirit:viewNameRef>
            </spirit:wireTypeDef>
          </spirit:wireTypeDefs>
        </spirit:wire>
      </spirit:port>
      <spirit:port>
        <spirit:name>s00_axi_wready</spirit:name>
        <spirit:wire>
          <spirit:direction>out</spirit:direction>
          <spirit:wireTypeDefs>
            <spirit:wireTypeDef>
              <spirit:typeName>std_logic</spirit:typeName>
              <spirit:viewNameRef>xilinx_vhdlsynthesis</spirit:viewNameRef>
              <spirit:viewNameRef>xilinx_vhdlbehavioralsimulation</spirit:viewNameRef>
            </spirit:wireTypeDef>
          </spirit:wireTypeDefs>
        </spirit:wire>
      </spirit:port>
      <spirit:port>
        <spirit:name>s00_axi_bresp</spirit:name>
        <spirit:wire>
          <spirit:direction>out</spirit:direction>
          <spirit:vector>
            <spirit:left spirit:format="long">1</spirit:left>
            <spirit:right spirit:format="long">0</spirit:right>
          </spirit:vector>
          <spirit:wireTypeDefs>
            <spirit:wireTypeDef>
              <spirit:typeName>std_logic_vector</spirit:typeName>
              <spirit:viewNameRef>xilinx_vhdlsynthesis</spirit:viewNameRef>
              <spirit:viewNameRef>xilinx_vhdlbehavioralsimulation</spirit:viewNameRef>
            </spirit:wireTypeDef>
          </spirit:wireTypeDefs>
        </spirit:wire>
      </spirit:port>
      <spirit:port>
        <spirit:name>s00_axi_bvalid</spirit:name>
        <spirit:wire>
          <spirit:direction>out</spirit:direction>
          <spirit:wireTypeDefs>
            <spirit:wireTypeDef>
              <spirit:typeName>std_logic</spirit:typeName>
              <spirit:viewNameRef>xilinx_vhdlsynthesis</spirit:viewNameRef>
              <spirit:viewNameRef>xilinx_vhdlbehavioralsimulation</spirit:viewNameRef>
            </spirit:wireTypeDef>
          </spirit:wireTypeDefs>
        </spirit:wire>
      </spirit:port>
      <spirit:port>
        <spirit:name>s00_axi_bready</spirit:name>
        <spirit:wire>
          <spirit:direction>in</spirit:direction>
          <spirit:wireTypeDefs>
            <spirit:wireTypeDef>
              <spirit:typeName>std_logic</spirit:typeName>
              <spirit:viewNameRef>xilinx_vhdlsynthesis</spirit:viewNameRef>
              <spirit:viewNameRef>xilinx_vhdlbehavioralsimulation</spirit:viewNameRef>
            </spirit:wireTypeDef>
          </spirit:wireTypeDefs>
        </spirit:wire>
      </spirit:port>
      <spirit:port>
        <spirit:name>s00_axi_araddr</spirit:name>
        <spirit:wire>
          <spirit:direction>in</spirit:direction>
          <spirit:vector>
            <spirit:left spirit:format="long" spirit:resolve="dependent" spirit:dependency="(spirit:decode(id(&apos;MODELPARAM_VALUE.C_S00_AXI_ADDR_WIDTH&apos;)) - 1)">31</spirit:left>
            <spirit:right spirit:format="long">0</spirit:right>
          </spirit:vector>
          <spirit:wireTypeDefs>
            <spirit:wireTypeDef>
              <spirit:typeName>std_logic_vector</spirit:typeName>
              <spirit:viewNameRef>xilinx_vhdlsynthesis</spirit:viewNameRef>
              <spirit:viewNameRef>xilinx_vhdlbehavioralsimulation</spirit:viewNameRef>
            </spirit:wireTypeDef>
          </spirit:wireTypeDefs>
        </spirit:wire>
      </spirit:port>
      <spirit:port>
        <spirit:name>s00_axi_arprot</spirit:name>
        <spirit:wire>
          <spirit:direction>in</spirit:direction>
          <spirit:vector>
            <spirit:left spirit:format="long">2</spirit:left>
            <spirit:right spirit:format="long">0</spirit:right>
          </spirit:vector>
          <spirit:wireTypeDefs>
            <spirit:wireTypeDef>
              <spirit:typeName>std_logic_vector</spirit:typeName>
              <spirit:viewNameRef>xilinx_vhdlsynthesis</spirit:viewNameRef>
              <spirit:viewNameRef>xilinx_vhdlbehavioralsimulation</spirit:viewNameRef>
            </spirit:wireTypeDef>
          </spirit:wireTypeDefs>
        </spirit:wire>
      </spirit:port>
      <spirit:port>
        <spirit:name>s00_axi_arvalid</spirit:name>
        <spirit:wire>
          <spirit:direction>in</spirit:direction>
          <spirit:wireTypeDefs>
            <spirit:wireTypeDef>
              <spirit:typeName>std_logic</spirit:typeName>
              <spirit:viewNameRef>xilinx_vhdlsynthesis</spirit:viewNameRef>
              <spirit:viewNameRef>xilinx_vhdlbehavioralsimulation</spirit:viewNameRef>
            </spirit:wireTypeDef>
          </spirit:wireTypeDefs>
        </spirit:wire>
      </spirit:port>
      <spirit:port>
        <spirit:name>s00_axi_arready</spirit:name>
        <spirit:wire>
          <spirit:direction>out</spirit:direction>
          <spirit:wireTypeDefs>
            <spirit:wireTypeDef>
              <spirit:typeName>std_logic</spirit:typeName>
              <spirit:viewNameRef>xilinx_vhdlsynthesis</spirit:viewNameRef>
              <spirit:viewNameRef>xilinx_vhdlbehavioralsimulation</spirit:viewNameRef>
            </spirit:wireTypeDef>
          </spirit:wireTypeDefs>
        </spirit:wire>
      </spirit:port>
      <spirit:port>
        <spirit:name>s00_axi_rdata</spirit:name>
        <spirit:wire>
          <spirit:direction>out</spirit:direction>
          <spirit:vector>
            <spirit:left spirit:format="long" spirit:resolve="dependent" spirit:dependency="(spirit:decode(id(&apos;MODELPARAM_VALUE.C_S00_AXI_DATA_WIDTH&apos;)) - 1)">31</spirit:left>
            <spirit:right spirit:format="long">0</spirit:right>
          </spirit:vector>
          <spirit:wireTypeDefs>
            <spirit:wireTypeDef>
              <spirit:typeName>std_logic_vector</spirit:typeName>
              <spirit:viewNameRef>xilinx_vhdlsynthesis</spirit:viewNameRef>
              <spirit:viewNameRef>xilinx_vhdlbehavioralsimulation</spirit:viewNameRef>
            </spirit:wireTypeDef>
          </spirit:wireTypeDefs>
        </spirit:wire>
      </spirit:port>
      <spirit:port>
        <spirit:name>s00_axi_rresp</spirit:name>
        <spirit:wire>
          <spirit:direction>out</spirit:direction>
          <spirit:vector>
            <spirit:left spirit:format="long">1</spirit:left>
            <spirit:right spirit:format="long">0</spirit:right>
          </spirit:vector>
          <spirit:wireTypeDefs>
            <spirit:wireTypeDef>
              <spirit:typeName>std_logic_vector</spirit:typeName>
              <spirit:viewNameRef>xilinx_vhdlsynthesis</spirit:viewNameRef>
              <spirit:viewNameRef>xilinx_vhdlbehavioralsimulation</spirit:viewNameRef>
            </spirit:wireTypeDef>
          </spirit:wireTypeDefs>
        </spirit:wire>
      </spirit:port>
      <spirit:port>
        <spirit:name>s00_axi_rvalid</spirit:name>
        <spirit:wire>
          <spirit:direction>out</spirit:direction>
          <spirit:wireTypeDefs>
            <spirit:wireTypeDef>
              <spirit:typeName>std_logic</spirit:typeName>
              <spirit:viewNameRef>xilinx_vhdlsynthesis</spirit:viewNameRef>
              <spirit:viewNameRef>xilinx_vhdlbehavioralsimulation</spirit:viewNameRef>
            </spirit:wireTypeDef>
          </spirit:wireTypeDefs>
        </spirit:wire>
      </spirit:port>
      <spirit:port>
        <spirit:name>s00_axi_rready</spirit:name>
        <spirit:wire>
          <spirit:direction>in</spirit:direction>
          <spirit:wireTypeDefs>
            <spirit:wireTypeDef>
              <spirit:typeName>std_logic</spirit:typeName>
              <spirit:viewNameRef>xilinx_vhdlsynthesis</spirit:viewNameRef>
              <spirit:viewNameRef>xilinx_vhdlbehavioralsimulation</spirit:viewNameRef>
            </spirit:wireTypeDef>
          </spirit:wireTypeDefs>
        </spirit:wire>
      </spirit:port>
      <spirit:port>
        <spirit:name>s00_axi_aclk</spirit:name>
        <spirit:wire>
          <spirit:direction>in</spirit:direction>
          <spirit:wireTypeDefs>
            <spirit:wireTypeDef>
              <spirit:typeName>std_logic</spirit:typeName>
              <spirit:viewNameRef>xilinx_vhdlsynthesis</spirit:viewNameRef>
              <spirit:viewNameRef>xilinx_vhdlbehavioralsimulation</spirit:viewNameRef>
            </spirit:wireTypeDef>
          </spirit:wireTypeDefs>
        </spirit:wire>
      </spirit:port>
      <spirit:port>
        <spirit:name>s00_axi_aresetn</spirit:name>
        <spirit:wire>
          <spirit:direction>in</spirit:direction>
          <spirit:wireTypeDefs>
            <spirit:wireTypeDef>
              <spirit:typeName>std_logic</spirit:typeName>
              <spirit:viewNameRef>xilinx_vhdlsynthesis</spirit:viewNameRef>
              <spirit:viewNameRef>xilinx_vhdlbehavioralsimulation</spirit:viewNameRef>
            </spirit:wireTypeDef>
          </spirit:wireTypeDefs>
        </spirit:wire>
      </spirit:port>
    </spirit:ports>
    <spirit:modelParameters>
      <spirit:modelParameter xsi:type="spirit:nameValueTypeType" spirit:dataType="integer">
        <spirit:name>C_S00_AXI_DATA_WIDTH</spirit:name>
        <spirit:displayName>C S00 AXI DATA WIDTH</spirit:displayName>
        <spirit:description>Width of S_AXI data bus</spirit:description>
        <spirit:value spirit:format="long" spirit:resolve="generated" spirit:id="MODELPARAM_VALUE.C_S00_AXI_DATA_WIDTH" spirit:order="3" spirit:rangeType="long">32</spirit:value>
      </spirit:modelParameter>
      <spirit:modelParameter spirit:dataType="integer">
        <spirit:name>C_S00_AXI_ADDR_WIDTH</spirit:name>
        <spirit:displayName>C S00 AXI ADDR WIDTH</spirit:displayName>
        <spirit:description>Width of S_AXI address bus</spirit:description>
        <spirit:value spirit:format="long" spirit:resolve="generated" spirit:id="MODELPARAM_VALUE.C_S00_AXI_ADDR_WIDTH" spirit:order="4" spirit:rangeType="long">32</spirit:value>
      </spirit:modelParameter>
    </spirit:modelParameters>
  </spirit:model>
  <spirit:choices>
    <spirit:choice>
      <spirit:name>choice_list_6fc15197</spirit:name>
      <spirit:enumeration>32</spirit:enumeration>
    </spirit:choice>
    <spirit:choice>
      <spirit:name>choice_list_9d8b0d81</spirit:name>
      <spirit:enumeration>ACTIVE_HIGH</spirit:enumeration>
      <spirit:enumeration>ACTIVE_LOW</spirit:enumeration>
    </spirit:choice>
    <spirit:choice>
      <spirit:name>choice_pairs_ce1226b1</spirit:name>
      <spirit:enumeration spirit:text="true">1</spirit:enumeration>
      <spirit:enumeration spirit:text="false">0</spirit:enumeration>
    </spirit:choice>
  </spirit:choices>
  <spirit:fileSets>
    <spirit:fileSet>
      <spirit:name>xilinx_vhdlsynthesis_view_fileset</spirit:name>
      <spirit:file>
        <spirit:name>../../ipshared/6c7a/src/debounce.vhd</spirit:name>
        <spirit:fileType>vhdlSource</spirit:fileType>
      </spirit:file>
      <spirit:file>
        <spirit:name>../../ipshared/6c7a/hdl/keyboard_subordinate_v1_0_S00_AXI.vhd</spirit:name>
        <spirit:fileType>vhdlSource</spirit:fileType>
      </spirit:file>
      <spirit:file>
        <spirit:name>../../ipshared/6c7a/src/ps2_keyboard.vhd</spirit:name>
        <spirit:fileType>vhdlSource</spirit:fileType>
      </spirit:file>
      <spirit:file>
        <spirit:name>../../ipshared/6c7a/hdl/keyboard_subordinate_v1_0.vhd</spirit:name>
        <spirit:fileType>vhdlSource</spirit:fileType>
      </spirit:file>
    </spirit:fileSet>
    <spirit:fileSet>
      <spirit:name>xilinx_vhdlsynthesiswrapper_view_fileset</spirit:name>
      <spirit:file>
        <spirit:name>synth/design_1_keyboard_subordinate_0_0.vhd</spirit:name>
        <spirit:fileType>vhdlSource</spirit:fileType>
        <spirit:logicalName>xil_defaultlib</spirit:logicalName>
      </spirit:file>
    </spirit:fileSet>
    <spirit:fileSet>
      <spirit:name>xilinx_vhdlbehavioralsimulation_view_fileset</spirit:name>
      <spirit:file>
        <spirit:name>../../ipshared/6c7a/src/debounce.vhd</spirit:name>
        <spirit:fileType>vhdlSource</spirit:fileType>
      </spirit:file>
      <spirit:file>
        <spirit:name>../../ipshared/6c7a/hdl/keyboard_subordinate_v1_0_S00_AXI.vhd</spirit:name>
        <spirit:fileType>vhdlSource</spirit:fileType>
      </spirit:file>
      <spirit:file>
        <spirit:name>../../ipshared/6c7a/src/ps2_keyboard.vhd</spirit:name>
        <spirit:fileType>vhdlSource</spirit:fileType>
      </spirit:file>
      <spirit:file>
        <spirit:name>../../ipshared/6c7a/hdl/keyboard_subordinate_v1_0.vhd</spirit:name>
        <spirit:fileType>vhdlSource</spirit:fileType>
      </spirit:file>
    </spirit:fileSet>
    <spirit:fileSet>
      <spirit:name>xilinx_vhdlsimulationwrapper_view_fileset</spirit:name>
      <spirit:file>
        <spirit:name>sim/design_1_keyboard_subordinate_0_0.vhd</spirit:name>
        <spirit:fileType>vhdlSource</spirit:fileType>
        <spirit:logicalName>xil_defaultlib</spirit:logicalName>
      </spirit:file>
    </spirit:fileSet>
    <spirit:fileSet>
      <spirit:name>xilinx_externalfiles_view_fileset</spirit:name>
      <spirit:file>
        <spirit:name>design_1_keyboard_subordinate_0_0.dcp</spirit:name>
        <spirit:userFileType>dcp</spirit:userFileType>
        <spirit:userFileType>USED_IN_implementation</spirit:userFileType>
        <spirit:userFileType>USED_IN_synthesis</spirit:userFileType>
        <spirit:logicalName>xil_defaultlib</spirit:logicalName>
      </spirit:file>
      <spirit:file>
        <spirit:name>design_1_keyboard_subordinate_0_0_stub.v</spirit:name>
        <spirit:fileType>verilogSource</spirit:fileType>
        <spirit:userFileType>USED_IN_synth_blackbox_stub</spirit:userFileType>
        <spirit:logicalName>xil_defaultlib</spirit:logicalName>
      </spirit:file>
      <spirit:file>
        <spirit:name>design_1_keyboard_subordinate_0_0_stub.vhdl</spirit:name>
        <spirit:fileType>vhdlSource</spirit:fileType>
        <spirit:userFileType>USED_IN_synth_blackbox_stub</spirit:userFileType>
        <spirit:logicalName>xil_defaultlib</spirit:logicalName>
      </spirit:file>
      <spirit:file>
        <spirit:name>design_1_keyboard_subordinate_0_0_sim_netlist.v</spirit:name>
        <spirit:fileType>verilogSource</spirit:fileType>
        <spirit:userFileType>USED_IN_simulation</spirit:userFileType>
        <spirit:userFileType>USED_IN_single_language</spirit:userFileType>
        <spirit:logicalName>xil_defaultlib</spirit:logicalName>
      </spirit:file>
      <spirit:file>
        <spirit:name>design_1_keyboard_subordinate_0_0_sim_netlist.vhdl</spirit:name>
        <spirit:fileType>vhdlSource</spirit:fileType>
        <spirit:userFileType>USED_IN_simulation</spirit:userFileType>
        <spirit:userFileType>USED_IN_single_language</spirit:userFileType>
        <spirit:logicalName>xil_defaultlib</spirit:logicalName>
      </spirit:file>
    </spirit:fileSet>
  </spirit:fileSets>
  <spirit:description>My new AXI IP</spirit:description>
  <spirit:parameters>
    <spirit:parameter>
      <spirit:name>C_S00_AXI_DATA_WIDTH</spirit:name>
      <spirit:displayName>C S00 AXI DATA WIDTH</spirit:displayName>
      <spirit:description>Width of S_AXI data bus</spirit:description>
      <spirit:value spirit:format="long" spirit:resolve="user" spirit:id="PARAM_VALUE.C_S00_AXI_DATA_WIDTH" spirit:choiceRef="choice_list_6fc15197" spirit:order="3">32</spirit:value>
      <spirit:vendorExtensions>
        <xilinx:parameterInfo>
          <xilinx:enablement>
            <xilinx:isEnabled xilinx:id="PARAM_ENABLEMENT.C_S00_AXI_DATA_WIDTH">false</xilinx:isEnabled>
          </xilinx:enablement>
        </xilinx:parameterInfo>
      </spirit:vendorExtensions>
    </spirit:parameter>
    <spirit:parameter>
      <spirit:name>C_S00_AXI_ADDR_WIDTH</spirit:name>
      <spirit:displayName>C S00 AXI ADDR WIDTH</spirit:displayName>
      <spirit:description>Width of S_AXI address bus</spirit:description>
      <spirit:value spirit:format="long" spirit:resolve="user" spirit:id="PARAM_VALUE.C_S00_AXI_ADDR_WIDTH" spirit:order="4" spirit:rangeType="long">32</spirit:value>
      <spirit:vendorExtensions>
        <xilinx:parameterInfo>
          <xilinx:enablement>
            <xilinx:isEnabled xilinx:id="PARAM_ENABLEMENT.C_S00_AXI_ADDR_WIDTH">false</xilinx:isEnabled>
          </xilinx:enablement>
        </xilinx:parameterInfo>
      </spirit:vendorExtensions>
    </spirit:parameter>
    <spirit:parameter>
      <spirit:name>C_S00_AXI_BASEADDR</spirit:name>
      <spirit:displayName>C S00 AXI BASEADDR</spirit:displayName>
      <spirit:value spirit:format="bitString" spirit:resolve="user" spirit:id="PARAM_VALUE.C_S00_AXI_BASEADDR" spirit:order="5" spirit:bitStringLength="32">0xFFFFFFFF</spirit:value>
      <spirit:vendorExtensions>
        <xilinx:parameterInfo>
          <xilinx:enablement>
            <xilinx:isEnabled xilinx:id="PARAM_ENABLEMENT.C_S00_AXI_BASEADDR">false</xilinx:isEnabled>
          </xilinx:enablement>
        </xilinx:parameterInfo>
      </spirit:vendorExtensions>
    </spirit:parameter>
    <spirit:parameter>
      <spirit:name>C_S00_AXI_HIGHADDR</spirit:name>
      <spirit:displayName>C S00 AXI HIGHADDR</spirit:displayName>
      <spirit:value spirit:format="bitString" spirit:resolve="user" spirit:id="PARAM_VALUE.C_S00_AXI_HIGHADDR" spirit:order="6" spirit:bitStringLength="32">0x00000000</spirit:value>
      <spirit:vendorExtensions>
        <xilinx:parameterInfo>
          <xilinx:enablement>
            <xilinx:isEnabled xilinx:id="PARAM_ENABLEMENT.C_S00_AXI_HIGHADDR">false</xilinx:isEnabled>
          </xilinx:enablement>
        </xilinx:parameterInfo>
      </spirit:vendorExtensions>
    </spirit:parameter>
    <spirit:parameter>
      <spirit:name>Component_Name</spirit:name>
      <spirit:value spirit:resolve="user" spirit:id="PARAM_VALUE.Component_Name" spirit:order="1">design_1_keyboard_subordinate_0_0</spirit:value>
    </spirit:parameter>
  </spirit:parameters>
  <spirit:vendorExtensions>
    <xilinx:coreExtensions>
      <xilinx:displayName>keyboard_subordinate_v1.0</xilinx:displayName>
      <xilinx:coreRevision>16</xilinx:coreRevision>
      <xilinx:tags>
        <xilinx:tag xilinx:name="ui.data.coregen.dd@e2260b1_ARCHIVE_LOCATION">c:/Users/jones/Desktop/EE316-Lab6/ip_repo/keyboard_subordinate_1.0</xilinx:tag>
        <xilinx:tag xilinx:name="ui.data.coregen.dd@73d94862_ARCHIVE_LOCATION">c:/Users/jones/Desktop/EE316-Lab6/ip_repo/keyboard_subordinate_1.0</xilinx:tag>
        <xilinx:tag xilinx:name="ui.data.coregen.dd@f401b2e_ARCHIVE_LOCATION">c:/Users/jones/Desktop/EE316-Lab6/ip_repo/keyboard_subordinate_1.0</xilinx:tag>
        <xilinx:tag xilinx:name="ui.data.coregen.dd@4d84747d_ARCHIVE_LOCATION">c:/Users/jones/Desktop/EE316-Lab6/ip_repo/keyboard_subordinate_1.0</xilinx:tag>
        <xilinx:tag xilinx:name="ui.data.coregen.dd@3322e93e_ARCHIVE_LOCATION">c:/Users/jones/Desktop/EE316-Lab6/ip_repo/keyboard_subordinate_1.0</xilinx:tag>
        <xilinx:tag xilinx:name="ui.data.coregen.dd@5c992c6_ARCHIVE_LOCATION">c:/Users/jones/Desktop/EE316-Lab6/ip_repo/keyboard_subordinate_1.0</xilinx:tag>
        <xilinx:tag xilinx:name="ui.data.coregen.dd@585c1faa_ARCHIVE_LOCATION">c:/Users/jones/Desktop/EE316-Lab6/ip_repo/keyboard_subordinate_1.0</xilinx:tag>
        <xilinx:tag xilinx:name="ui.data.coregen.dd@791e17c4_ARCHIVE_LOCATION">c:/Users/jones/Desktop/EE316-Lab6/ip_repo/keyboard_subordinate_1.0</xilinx:tag>
        <xilinx:tag xilinx:name="ui.data.coregen.dd@46ca7dbc_ARCHIVE_LOCATION">c:/Users/jones/Desktop/EE316-Lab6/ip_repo/keyboard_subordinate_1.0</xilinx:tag>
        <xilinx:tag xilinx:name="ui.data.coregen.dd@2840c143_ARCHIVE_LOCATION">c:/Users/jones/Desktop/EE316-Lab6/ip_repo/keyboard_subordinate_1.0</xilinx:tag>
        <xilinx:tag xilinx:name="ui.data.coregen.dd@238ebf80_ARCHIVE_LOCATION">c:/Users/jones/Desktop/EE316-Lab6/ip_repo/keyboard_subordinate_1.0</xilinx:tag>
        <xilinx:tag xilinx:name="ui.data.coregen.dd@2b537716_ARCHIVE_LOCATION">c:/Users/jones/Desktop/EE316-Lab6/ip_repo/keyboard_subordinate_1.0</xilinx:tag>
        <xilinx:tag xilinx:name="ui.data.coregen.dd@5c1f9b73_ARCHIVE_LOCATION">c:/Users/jones/Desktop/EE316-Lab6/ip_repo/keyboard_subordinate_1.0</xilinx:tag>
        <xilinx:tag xilinx:name="ui.data.coregen.dd@4d66abea_ARCHIVE_LOCATION">c:/Users/jones/Desktop/EE316-Lab6/ip_repo/keyboard_subordinate_1.0</xilinx:tag>
        <xilinx:tag xilinx:name="ui.data.coregen.dd@6b18c371_ARCHIVE_LOCATION">c:/Users/jones/Desktop/EE316-Lab6/ip_repo/keyboard_subordinate_1.0</xilinx:tag>
        <xilinx:tag xilinx:name="ui.data.coregen.dd@7544f021_ARCHIVE_LOCATION">c:/Users/jones/Desktop/EE316-Lab6/ip_repo/keyboard_subordinate_1.0</xilinx:tag>
        <xilinx:tag xilinx:name="ui.data.coregen.dd@77948301_ARCHIVE_LOCATION">c:/Users/jones/Desktop/EE316-Lab6/ip_repo/keyboard_subordinate_1.0</xilinx:tag>
        <xilinx:tag xilinx:name="ui.data.coregen.dd@10a25a1_ARCHIVE_LOCATION">c:/Users/jones/Desktop/EE316-Lab6/ip_repo/keyboard_subordinate_1.0</xilinx:tag>
        <xilinx:tag xilinx:name="ui.data.coregen.dd@6e51ef52_ARCHIVE_LOCATION">c:/Users/jones/Desktop/EE316-Lab6/ip_repo/keyboard_subordinate_1.0</xilinx:tag>
        <xilinx:tag xilinx:name="ui.data.coregen.dd@33b20ae0_ARCHIVE_LOCATION">c:/Users/jones/Desktop/EE316-Lab6/ip_repo/keyboard_subordinate_1.0</xilinx:tag>
        <xilinx:tag xilinx:name="ui.data.coregen.dd@1243b515_ARCHIVE_LOCATION">c:/Users/jones/Desktop/EE316-Lab6/ip_repo/keyboard_subordinate_1.0</xilinx:tag>
        <xilinx:tag xilinx:name="ui.data.coregen.dd@4b8f606d_ARCHIVE_LOCATION">c:/Users/jones/Desktop/EE316-Lab6/ip_repo/keyboard_subordinate_1.0</xilinx:tag>
        <xilinx:tag xilinx:name="ui.data.coregen.dd@4de49b08_ARCHIVE_LOCATION">c:/Users/jones/Desktop/EE316-Lab6/ip_repo/keyboard_subordinate_1.0</xilinx:tag>
        <xilinx:tag xilinx:name="ui.data.coregen.dd@101a6c46_ARCHIVE_LOCATION">c:/Users/jones/Desktop/EE316-Lab6/ip_repo/keyboard_subordinate_1.0</xilinx:tag>
        <xilinx:tag xilinx:name="ui.data.coregen.dd@22f1b0ee_ARCHIVE_LOCATION">c:/Users/jones/Desktop/EE316-Lab6/ip_repo/keyboard_subordinate_1.0</xilinx:tag>
        <xilinx:tag xilinx:name="ui.data.coregen.dd@699ef201_ARCHIVE_LOCATION">c:/Users/jones/Desktop/EE316-Lab6/ip_repo/keyboard_subordinate_1.0</xilinx:tag>
        <xilinx:tag xilinx:name="ui.data.coregen.dd@79a50dd5_ARCHIVE_LOCATION">c:/Users/jones/Desktop/EE316-Lab6/ip_repo/keyboard_subordinate_1.0</xilinx:tag>
        <xilinx:tag xilinx:name="ui.data.coregen.dd@4d68fcea_ARCHIVE_LOCATION">c:/Users/jones/Desktop/EE316-Lab6/ip_repo/keyboard_subordinate_1.0</xilinx:tag>
        <xilinx:tag xilinx:name="ui.data.coregen.dd@36a15611_ARCHIVE_LOCATION">c:/Users/jones/Desktop/EE316-Lab6/ip_repo/keyboard_subordinate_1.0</xilinx:tag>
        <xilinx:tag xilinx:name="ui.data.coregen.dd@47735b5e_ARCHIVE_LOCATION">c:/Users/jones/Desktop/EE316-Lab6/ip_repo/keyboard_subordinate_1.0</xilinx:tag>
        <xilinx:tag xilinx:name="ui.data.coregen.dd@1f86bdbc_ARCHIVE_LOCATION">c:/Users/jones/Desktop/EE316-Lab6/ip_repo/keyboard_subordinate_1.0</xilinx:tag>
        <xilinx:tag xilinx:name="ui.data.coregen.dd@5dc52f07_ARCHIVE_LOCATION">c:/Users/jones/Desktop/EE316-Lab6/ip_repo/keyboard_subordinate_1.0</xilinx:tag>
        <xilinx:tag xilinx:name="ui.data.coregen.dd@68df72ed_ARCHIVE_LOCATION">c:/Users/jones/Desktop/EE316-Lab6/ip_repo/keyboard_subordinate_1.0</xilinx:tag>
        <xilinx:tag xilinx:name="ui.data.coregen.dd@7db48e19_ARCHIVE_LOCATION">c:/Users/jones/Desktop/EE316-Lab6/ip_repo/keyboard_subordinate_1.0</xilinx:tag>
        <xilinx:tag xilinx:name="ui.data.coregen.dd@3b9624e_ARCHIVE_LOCATION">c:/Users/jones/Desktop/EE316-Lab6/ip_repo/keyboard_subordinate_1.0</xilinx:tag>
        <xilinx:tag xilinx:name="ui.data.coregen.dd@106c42a5_ARCHIVE_LOCATION">c:/Users/jones/Desktop/EE316-Lab6/ip_repo/keyboard_subordinate_1.0</xilinx:tag>
        <xilinx:tag xilinx:name="ui.data.coregen.dd@4dccbe44_ARCHIVE_LOCATION">c:/Users/jones/Desktop/EE316-Lab6/ip_repo/keyboard_subordinate_1.0</xilinx:tag>
        <xilinx:tag xilinx:name="ui.data.coregen.dd@4539d39b_ARCHIVE_LOCATION">c:/Users/jones/Desktop/EE316-Lab6/ip_repo/keyboard_subordinate_1.0</xilinx:tag>
        <xilinx:tag xilinx:name="ui.data.coregen.dd@2a4c5d76_ARCHIVE_LOCATION">c:/Users/jones/Desktop/EE316-Lab6/ip_repo/keyboard_subordinate_1.0</xilinx:tag>
        <xilinx:tag xilinx:name="ui.data.coregen.dd@6b33ec56_ARCHIVE_LOCATION">c:/Users/jones/Desktop/EE316-Lab6/ip_repo/keyboard_subordinate_1.0</xilinx:tag>
        <xilinx:tag xilinx:name="ui.data.coregen.dd@568a4182_ARCHIVE_LOCATION">c:/Users/jones/Desktop/EE316-Lab6/ip_repo/keyboard_subordinate_1.0</xilinx:tag>
        <xilinx:tag xilinx:name="ui.data.coregen.dd@599248fb_ARCHIVE_LOCATION">c:/Users/jones/Desktop/EE316-Lab6/ip_repo/keyboard_subordinate_1.0</xilinx:tag>
        <xilinx:tag xilinx:name="ui.data.coregen.dd@35f7ebd_ARCHIVE_LOCATION">c:/Users/jones/Desktop/EE316-Lab6/ip_repo/keyboard_subordinate_1.0</xilinx:tag>
        <xilinx:tag xilinx:name="ui.data.coregen.dd@4b12adc_ARCHIVE_LOCATION">c:/Users/jones/Desktop/EE316-Lab6/ip_repo/keyboard_subordinate_1.0</xilinx:tag>
        <xilinx:tag xilinx:name="ui.data.coregen.dd@7847ab33_ARCHIVE_LOCATION">c:/Users/jones/Desktop/EE316-Lab6/ip_repo/keyboard_subordinate_1.0</xilinx:tag>
        <xilinx:tag xilinx:name="ui.data.coregen.dd@1c0647e3_ARCHIVE_LOCATION">c:/Users/jones/Desktop/EE316-Lab6/ip_repo/keyboard_subordinate_1.0</xilinx:tag>
        <xilinx:tag xilinx:name="ui.data.coregen.dd@63962bd9_ARCHIVE_LOCATION">c:/Users/jones/Desktop/EE316-Lab6/ip_repo/keyboard_subordinate_1.0</xilinx:tag>
        <xilinx:tag xilinx:name="ui.data.coregen.dd@30e49d7e_ARCHIVE_LOCATION">c:/Users/jones/Desktop/EE316-Lab6/ip_repo/keyboard_subordinate_1.0</xilinx:tag>
        <xilinx:tag xilinx:name="ui.data.coregen.dd@6260c0fb_ARCHIVE_LOCATION">c:/Users/jones/Desktop/EE316-Lab6/ip_repo/keyboard_subordinate_1.0</xilinx:tag>
        <xilinx:tag xilinx:name="ui.data.coregen.dd@172ef915_ARCHIVE_LOCATION">c:/Users/jones/Desktop/EE316-Lab6/ip_repo/keyboard_subordinate_1.0</xilinx:tag>
        <xilinx:tag xilinx:name="ui.data.coregen.dd@57137108_ARCHIVE_LOCATION">c:/Users/jones/Desktop/EE316-Lab6/ip_repo/keyboard_subordinate_1.0</xilinx:tag>
        <xilinx:tag xilinx:name="ui.data.coregen.dd@39bbd0bc_ARCHIVE_LOCATION">c:/Users/jones/Desktop/EE316-Lab6/ip_repo/keyboard_subordinate_1.0</xilinx:tag>
        <xilinx:tag xilinx:name="ui.data.coregen.dd@397b648a_ARCHIVE_LOCATION">c:/Users/jones/Desktop/EE316-Lab6/ip_repo/keyboard_subordinate_1.0</xilinx:tag>
        <xilinx:tag xilinx:name="ui.data.coregen.dd@41151a71_ARCHIVE_LOCATION">c:/Users/jones/Desktop/EE316-Lab6/ip_repo/keyboard_subordinate_1.0</xilinx:tag>
        <xilinx:tag xilinx:name="ui.data.coregen.dd@2bb4b0d8_ARCHIVE_LOCATION">c:/Users/jones/Desktop/EE316-Lab6/ip_repo/keyboard_subordinate_1.0</xilinx:tag>
        <xilinx:tag xilinx:name="ui.data.coregen.dd@473141ef_ARCHIVE_LOCATION">c:/Users/jones/Desktop/EE316-Lab6/ip_repo/keyboard_subordinate_1.0</xilinx:tag>
        <xilinx:tag xilinx:name="ui.data.coregen.dd@2179cdab_ARCHIVE_LOCATION">c:/Users/jones/Desktop/EE316-Lab6/ip_repo/keyboard_subordinate_1.0</xilinx:tag>
        <xilinx:tag xilinx:name="ui.data.coregen.dd@44e407e7_ARCHIVE_LOCATION">c:/Users/jones/Desktop/EE316-Lab6/ip_repo/keyboard_subordinate_1.0</xilinx:tag>
        <xilinx:tag xilinx:name="ui.data.coregen.dd@6e869ef3_ARCHIVE_LOCATION">c:/Users/jones/Desktop/EE316-Lab6/ip_repo/keyboard_subordinate_1.0</xilinx:tag>
        <xilinx:tag xilinx:name="ui.data.coregen.dd@4ee6a73c_ARCHIVE_LOCATION">c:/Users/jones/Desktop/EE316-Lab6/ip_repo/keyboard_subordinate_1.0</xilinx:tag>
        <xilinx:tag xilinx:name="ui.data.coregen.dd@65f312e4_ARCHIVE_LOCATION">c:/Users/jones/Desktop/EE316-Lab6/ip_repo/keyboard_subordinate_1.0</xilinx:tag>
        <xilinx:tag xilinx:name="ui.data.coregen.dd@4c7e971c_ARCHIVE_LOCATION">c:/Users/jones/Desktop/EE316-Lab6/ip_repo/keyboard_subordinate_1.0</xilinx:tag>
        <xilinx:tag xilinx:name="ui.data.coregen.dd@7d720705_ARCHIVE_LOCATION">c:/Users/jones/Desktop/EE316-Lab6/ip_repo/keyboard_subordinate_1.0</xilinx:tag>
        <xilinx:tag xilinx:name="ui.data.coregen.dd@1e431e78_ARCHIVE_LOCATION">c:/Users/jones/Desktop/EE316-Lab6/ip_repo/keyboard_subordinate_1.0</xilinx:tag>
        <xilinx:tag xilinx:name="ui.data.coregen.dd@4413c0ac_ARCHIVE_LOCATION">c:/Users/jones/Desktop/EE316-Lab6/ip_repo/keyboard_subordinate_1.0</xilinx:tag>
        <xilinx:tag xilinx:name="ui.data.coregen.dd@488b1f62_ARCHIVE_LOCATION">c:/Users/jones/Desktop/EE316-Lab6/ip_repo/keyboard_subordinate_1.0</xilinx:tag>
        <xilinx:tag xilinx:name="ui.data.coregen.dd@637f7346_ARCHIVE_LOCATION">c:/Users/jones/Desktop/EE316-Lab6/ip_repo/keyboard_subordinate_1.0</xilinx:tag>
        <xilinx:tag xilinx:name="ui.data.coregen.dd@4cc90d3f_ARCHIVE_LOCATION">c:/Users/jones/Desktop/EE316-Lab6/ip_repo/keyboard_subordinate_1.0</xilinx:tag>
        <xilinx:tag xilinx:name="ui.data.coregen.dd@3cfbdab3_ARCHIVE_LOCATION">c:/Users/jones/Desktop/EE316-Lab6/ip_repo/keyboard_subordinate_1.0</xilinx:tag>
        <xilinx:tag xilinx:name="ui.data.coregen.dd@35f016ac_ARCHIVE_LOCATION">c:/Users/jones/Desktop/EE316-Lab6/ip_repo/keyboard_subordinate_1.0</xilinx:tag>
        <xilinx:tag xilinx:name="ui.data.coregen.dd@57dfeb48_ARCHIVE_LOCATION">c:/Users/jones/Desktop/EE316-Lab6/ip_repo/keyboard_subordinate_1.0</xilinx:tag>
        <xilinx:tag xilinx:name="ui.data.coregen.dd@2f8a98dc_ARCHIVE_LOCATION">c:/Users/jones/Desktop/EE316-Lab6/ip_repo/keyboard_subordinate_1.0</xilinx:tag>
        <xilinx:tag xilinx:name="ui.data.coregen.dd@5cee464b_ARCHIVE_LOCATION">c:/Users/jones/Desktop/EE316-Lab6/ip_repo/keyboard_subordinate_1.0</xilinx:tag>
        <xilinx:tag xilinx:name="ui.data.coregen.dd@5b559453_ARCHIVE_LOCATION">c:/Users/jones/Desktop/EE316-Lab6/ip_repo/keyboard_subordinate_1.0</xilinx:tag>
        <xilinx:tag xilinx:name="ui.data.coregen.dd@5c33a32f_ARCHIVE_LOCATION">c:/Users/jones/Desktop/EE316-Lab6/ip_repo/keyboard_subordinate_1.0</xilinx:tag>
        <xilinx:tag xilinx:name="ui.data.coregen.dd@2fad45ee_ARCHIVE_LOCATION">c:/Users/jones/Desktop/EE316-Lab6/ip_repo/keyboard_subordinate_1.0</xilinx:tag>
        <xilinx:tag xilinx:name="ui.data.coregen.dd@1f6290ab_ARCHIVE_LOCATION">c:/Users/jones/Desktop/EE316-Lab6/ip_repo/keyboard_subordinate_1.0</xilinx:tag>
        <xilinx:tag xilinx:name="ui.data.coregen.dd@327b7bd2_ARCHIVE_LOCATION">c:/Users/jones/Desktop/EE316-Lab6/ip_repo/keyboard_subordinate_1.0</xilinx:tag>
        <xilinx:tag xilinx:name="ui.data.coregen.dd@742f1e40_ARCHIVE_LOCATION">c:/Users/jones/Desktop/EE316-Lab6/ip_repo/keyboard_subordinate_1.0</xilinx:tag>
        <xilinx:tag xilinx:name="ui.data.coregen.dd@3f200e2d_ARCHIVE_LOCATION">c:/Users/jones/Desktop/EE316-Lab6/ip_repo/keyboard_subordinate_1.0</xilinx:tag>
        <xilinx:tag xilinx:name="ui.data.coregen.dd@453c0c09_ARCHIVE_LOCATION">c:/Users/jones/Desktop/EE316-Lab6/ip_repo/keyboard_subordinate_1.0</xilinx:tag>
        <xilinx:tag xilinx:name="ui.data.coregen.dd@6d270e6c_ARCHIVE_LOCATION">c:/Users/jones/Desktop/EE316-Lab6/ip_repo/keyboard_subordinate_1.0</xilinx:tag>
        <xilinx:tag xilinx:name="ui.data.coregen.dd@140ba149_ARCHIVE_LOCATION">c:/Users/jones/Desktop/EE316-Lab6/ip_repo/keyboard_subordinate_1.0</xilinx:tag>
        <xilinx:tag xilinx:name="ui.data.coregen.dd@6627640a_ARCHIVE_LOCATION">c:/Users/jones/Desktop/EE316-Lab6/ip_repo/keyboard_subordinate_1.0</xilinx:tag>
        <xilinx:tag xilinx:name="ui.data.coregen.dd@4600aa58_ARCHIVE_LOCATION">c:/Users/jones/Desktop/EE316-Lab6/ip_repo/keyboard_subordinate_1.0</xilinx:tag>
        <xilinx:tag xilinx:name="ui.data.coregen.dd@564dfdbe_ARCHIVE_LOCATION">c:/Users/jones/Desktop/EE316-Lab6/ip_repo/keyboard_subordinate_1.0</xilinx:tag>
        <xilinx:tag xilinx:name="ui.data.coregen.dd@73a8ff98_ARCHIVE_LOCATION">c:/Users/jones/Desktop/EE316-Lab6/ip_repo/keyboard_subordinate_1.0</xilinx:tag>
        <xilinx:tag xilinx:name="ui.data.coregen.dd@bb9ff3b_ARCHIVE_LOCATION">c:/Users/jones/Desktop/EE316-Lab6/ip_repo/keyboard_subordinate_1.0</xilinx:tag>
        <xilinx:tag xilinx:name="ui.data.coregen.dd@28583d27_ARCHIVE_LOCATION">c:/Users/jones/Desktop/EE316-Lab6/ip_repo/keyboard_subordinate_1.0</xilinx:tag>
        <xilinx:tag xilinx:name="ui.data.coregen.dd@2dbed76a_ARCHIVE_LOCATION">c:/Users/jones/Desktop/EE316-Lab6/ip_repo/keyboard_subordinate_1.0</xilinx:tag>
        <xilinx:tag xilinx:name="ui.data.coregen.dd@7f6b03bb_ARCHIVE_LOCATION">c:/Users/jones/Desktop/EE316-Lab6/ip_repo/keyboard_subordinate_1.0</xilinx:tag>
        <xilinx:tag xilinx:name="ui.data.coregen.dd@67dec003_ARCHIVE_LOCATION">c:/Users/jones/Desktop/EE316-Lab6/ip_repo/keyboard_subordinate_1.0</xilinx:tag>
        <xilinx:tag xilinx:name="ui.data.coregen.dd@55e57a80_ARCHIVE_LOCATION">c:/Users/jones/Desktop/EE316-Lab6/ip_repo/keyboard_subordinate_1.0</xilinx:tag>
        <xilinx:tag xilinx:name="ui.data.coregen.dd@6238a468_ARCHIVE_LOCATION">c:/Users/jones/Desktop/EE316-Lab6/ip_repo/keyboard_subordinate_1.0</xilinx:tag>
        <xilinx:tag xilinx:name="ui.data.coregen.dd@60e91fec_ARCHIVE_LOCATION">c:/Users/jones/Desktop/EE316-Lab6/ip_repo/keyboard_subordinate_1.0</xilinx:tag>
        <xilinx:tag xilinx:name="ui.data.coregen.dd@912d9a5_ARCHIVE_LOCATION">c:/Users/jones/Desktop/EE316-Lab6/ip_repo/keyboard_subordinate_1.0</xilinx:tag>
        <xilinx:tag xilinx:name="ui.data.coregen.dd@5645ae00_ARCHIVE_LOCATION">c:/Users/jones/Desktop/EE316-Lab6/ip_repo/keyboard_subordinate_1.0</xilinx:tag>
        <xilinx:tag xilinx:name="ui.data.coregen.dd@788679f8_ARCHIVE_LOCATION">c:/Users/jones/Desktop/EE316-Lab6/ip_repo/keyboard_subordinate_1.0</xilinx:tag>
        <xilinx:tag xilinx:name="ui.data.coregen.dd@1fc29ea4_ARCHIVE_LOCATION">c:/Users/jones/Desktop/EE316-Lab6/ip_repo/keyboard_subordinate_1.0</xilinx:tag>
        <xilinx:tag xilinx:name="ui.data.coregen.dd@6cc6d662_ARCHIVE_LOCATION">c:/Users/jones/Desktop/EE316-Lab6/ip_repo/keyboard_subordinate_1.0</xilinx:tag>
        <xilinx:tag xilinx:name="ui.data.coregen.dd@38d093fb_ARCHIVE_LOCATION">c:/Users/jones/Desktop/EE316-Lab6/ip_repo/keyboard_subordinate_1.0</xilinx:tag>
        <xilinx:tag xilinx:name="ui.data.coregen.dd@3fdd042_ARCHIVE_LOCATION">c:/Users/jones/Desktop/EE316-Lab6/ip_repo/keyboard_subordinate_1.0</xilinx:tag>
        <xilinx:tag xilinx:name="ui.data.coregen.dd@2ae8ee59_ARCHIVE_LOCATION">c:/Users/jones/Desktop/EE316-Lab6/ip_repo/keyboard_subordinate_1.0</xilinx:tag>
        <xilinx:tag xilinx:name="ui.data.coregen.dd@60008bac_ARCHIVE_LOCATION">c:/Users/jones/Desktop/EE316-Lab6/ip_repo/keyboard_subordinate_1.0</xilinx:tag>
        <xilinx:tag xilinx:name="ui.data.coregen.dd@7f9d3dcd_ARCHIVE_LOCATION">c:/Users/jones/Desktop/EE316-Lab6/ip_repo/keyboard_subordinate_1.0</xilinx:tag>
        <xilinx:tag xilinx:name="ui.data.coregen.dd@7d5c92f_ARCHIVE_LOCATION">c:/Users/jones/Desktop/EE316-Lab6/ip_repo/keyboard_subordinate_1.0</xilinx:tag>
        <xilinx:tag xilinx:name="ui.data.coregen.dd@262160d8_ARCHIVE_LOCATION">c:/Users/jones/Desktop/EE316-Lab6/ip_repo/keyboard_subordinate_1.0</xilinx:tag>
        <xilinx:tag xilinx:name="ui.data.coregen.dd@22ae4c3e_ARCHIVE_LOCATION">c:/Users/jones/Desktop/EE316-Lab6/ip_repo/keyboard_subordinate_1.0</xilinx:tag>
        <xilinx:tag xilinx:name="ui.data.coregen.dd@4ad1175c_ARCHIVE_LOCATION">c:/Users/jones/Desktop/EE316-Lab6/ip_repo/keyboard_subordinate_1.0</xilinx:tag>
        <xilinx:tag xilinx:name="ui.data.coregen.dd@31ce52e1_ARCHIVE_LOCATION">c:/Users/jones/Desktop/EE316-Lab6/ip_repo/keyboard_subordinate_1.0</xilinx:tag>
        <xilinx:tag xilinx:name="ui.data.coregen.dd@bdda830_ARCHIVE_LOCATION">c:/Users/jones/Desktop/EE316-Lab6/ip_repo/keyboard_subordinate_1.0</xilinx:tag>
        <xilinx:tag xilinx:name="ui.data.coregen.dd@1f791f75_ARCHIVE_LOCATION">c:/Users/jones/Desktop/EE316-Lab6/ip_repo/keyboard_subordinate_1.0</xilinx:tag>
        <xilinx:tag xilinx:name="ui.data.coregen.dd@7465c858_ARCHIVE_LOCATION">c:/Users/jones/Desktop/EE316-Lab6/ip_repo/keyboard_subordinate_1.0</xilinx:tag>
        <xilinx:tag xilinx:name="ui.data.coregen.dd@7190f73b_ARCHIVE_LOCATION">c:/Users/jones/Desktop/EE316-Lab6/ip_repo/keyboard_subordinate_1.0</xilinx:tag>
        <xilinx:tag xilinx:name="ui.data.coregen.dd@48e194bf_ARCHIVE_LOCATION">c:/Users/jones/Desktop/EE316-Lab6/ip_repo/keyboard_subordinate_1.0</xilinx:tag>
        <xilinx:tag xilinx:name="ui.data.coregen.dd@27139b9f_ARCHIVE_LOCATION">c:/Users/jones/Desktop/EE316-Lab6/ip_repo/keyboard_subordinate_1.0</xilinx:tag>
        <xilinx:tag xilinx:name="ui.data.coregen.dd@42b59176_ARCHIVE_LOCATION">c:/Users/jones/Desktop/EE316-Lab6/ip_repo/keyboard_subordinate_1.0</xilinx:tag>
        <xilinx:tag xilinx:name="ui.data.coregen.dd@7808216b_ARCHIVE_LOCATION">c:/Users/jones/Desktop/EE316-Lab6/ip_repo/keyboard_subordinate_1.0</xilinx:tag>
        <xilinx:tag xilinx:name="ui.data.coregen.dd@397de831_ARCHIVE_LOCATION">c:/Users/jones/Desktop/EE316-Lab6/ip_repo/keyboard_subordinate_1.0</xilinx:tag>
        <xilinx:tag xilinx:name="ui.data.coregen.dd@58518d59_ARCHIVE_LOCATION">c:/Users/jones/Desktop/EE316-Lab6/ip_repo/keyboard_subordinate_1.0</xilinx:tag>
        <xilinx:tag xilinx:name="ui.data.coregen.dd@18d87820_ARCHIVE_LOCATION">c:/Users/jones/Desktop/EE316-Lab6/ip_repo/keyboard_subordinate_1.0</xilinx:tag>
        <xilinx:tag xilinx:name="ui.data.coregen.dd@5f6d431e_ARCHIVE_LOCATION">c:/Users/jones/Desktop/EE316-Lab6/ip_repo/keyboard_subordinate_1.0</xilinx:tag>
        <xilinx:tag xilinx:name="ui.data.coregen.dd@7624d736_ARCHIVE_LOCATION">c:/Users/jones/Desktop/EE316-Lab6/ip_repo/keyboard_subordinate_1.0</xilinx:tag>
        <xilinx:tag xilinx:name="ui.data.coregen.dd@29990ad7_ARCHIVE_LOCATION">c:/Users/jones/Desktop/EE316-Lab6/ip_repo/keyboard_subordinate_1.0</xilinx:tag>
        <xilinx:tag xilinx:name="ui.data.coregen.dd@3f0540ee_ARCHIVE_LOCATION">c:/Users/jones/Desktop/EE316-Lab6/ip_repo/keyboard_subordinate_1.0</xilinx:tag>
        <xilinx:tag xilinx:name="ui.data.coregen.dd@42dbbd4a_ARCHIVE_LOCATION">c:/Users/jones/Desktop/EE316-Lab6/ip_repo/keyboard_subordinate_1.0</xilinx:tag>
        <xilinx:tag xilinx:name="ui.data.coregen.dd@740afc0_ARCHIVE_LOCATION">c:/Users/jones/Desktop/EE316-Lab6/ip_repo/keyboard_subordinate_1.0</xilinx:tag>
        <xilinx:tag xilinx:name="ui.data.coregen.dd@73979010_ARCHIVE_LOCATION">c:/Users/jones/Desktop/EE316-Lab6/ip_repo/keyboard_subordinate_1.0</xilinx:tag>
        <xilinx:tag xilinx:name="ui.data.coregen.dd@6af6e8ec_ARCHIVE_LOCATION">c:/Users/jones/Desktop/EE316-Lab6/ip_repo/keyboard_subordinate_1.0</xilinx:tag>
        <xilinx:tag xilinx:name="ui.data.coregen.dd@4a9c4424_ARCHIVE_LOCATION">c:/Users/jones/Desktop/EE316-Lab6/ip_repo/keyboard_subordinate_1.0</xilinx:tag>
        <xilinx:tag xilinx:name="ui.data.coregen.dd@6d447d80_ARCHIVE_LOCATION">c:/Users/jones/Desktop/EE316-Lab6/ip_repo/keyboard_subordinate_1.0</xilinx:tag>
        <xilinx:tag xilinx:name="ui.data.coregen.dd@17a57504_ARCHIVE_LOCATION">c:/Users/jones/Desktop/EE316-Lab6/ip_repo/keyboard_subordinate_1.0</xilinx:tag>
        <xilinx:tag xilinx:name="ui.data.coregen.dd@5bfd107e_ARCHIVE_LOCATION">c:/Users/jones/Desktop/EE316-Lab6/ip_repo/keyboard_subordinate_1.0</xilinx:tag>
        <xilinx:tag xilinx:name="ui.data.coregen.dd@645a1d38_ARCHIVE_LOCATION">c:/Users/jones/Desktop/EE316-Lab6/ip_repo/keyboard_subordinate_1.0</xilinx:tag>
        <xilinx:tag xilinx:name="ui.data.coregen.dd@a19c960_ARCHIVE_LOCATION">c:/Users/jones/Desktop/EE316-Lab6/ip_repo/keyboard_subordinate_1.0</xilinx:tag>
        <xilinx:tag xilinx:name="ui.data.coregen.dd@799c9477_ARCHIVE_LOCATION">c:/Users/jones/Desktop/EE316-Lab6/ip_repo/keyboard_subordinate_1.0</xilinx:tag>
        <xilinx:tag xilinx:name="ui.data.coregen.dd@ef9bbc4_ARCHIVE_LOCATION">c:/Users/jones/Desktop/EE316-Lab6/ip_repo/keyboard_subordinate_1.0</xilinx:tag>
        <xilinx:tag xilinx:name="ui.data.coregen.dd@558524c2_ARCHIVE_LOCATION">c:/Users/jones/Desktop/EE316-Lab6/ip_repo/keyboard_subordinate_1.0</xilinx:tag>
        <xilinx:tag xilinx:name="ui.data.coregen.dd@3eb720a2_ARCHIVE_LOCATION">c:/Users/jones/Desktop/EE316-Lab6/ip_repo/keyboard_subordinate_1.0</xilinx:tag>
        <xilinx:tag xilinx:name="ui.data.coregen.dd@72687c42_ARCHIVE_LOCATION">c:/Users/jones/Desktop/EE316-Lab6/ip_repo/keyboard_subordinate_1.0</xilinx:tag>
        <xilinx:tag xilinx:name="ui.data.coregen.dd@18482a3_ARCHIVE_LOCATION">c:/Users/jones/Desktop/EE316-Lab6/ip_repo/keyboard_subordinate_1.0</xilinx:tag>
        <xilinx:tag xilinx:name="ui.data.coregen.dd@4de6a045_ARCHIVE_LOCATION">c:/Users/jones/Desktop/EE316-Lab6/ip_repo/keyboard_subordinate_1.0</xilinx:tag>
        <xilinx:tag xilinx:name="ui.data.coregen.dd@6301d937_ARCHIVE_LOCATION">c:/Users/jones/Desktop/EE316-Lab6/ip_repo/keyboard_subordinate_1.0</xilinx:tag>
        <xilinx:tag xilinx:name="ui.data.coregen.dd@3a9ef5a6_ARCHIVE_LOCATION">c:/Users/jones/Desktop/EE316-Lab6/ip_repo/keyboard_subordinate_1.0</xilinx:tag>
        <xilinx:tag xilinx:name="ui.data.coregen.dd@296787a9_ARCHIVE_LOCATION">c:/Users/jones/Desktop/EE316-Lab6/ip_repo/keyboard_subordinate_1.0</xilinx:tag>
        <xilinx:tag xilinx:name="ui.data.coregen.dd@385200a2_ARCHIVE_LOCATION">c:/Users/jones/Desktop/EE316-Lab6/ip_repo/keyboard_subordinate_1.0</xilinx:tag>
        <xilinx:tag xilinx:name="ui.data.coregen.dd@4406f309_ARCHIVE_LOCATION">c:/Users/jones/Desktop/EE316-Lab6/ip_repo/keyboard_subordinate_1.0</xilinx:tag>
        <xilinx:tag xilinx:name="ui.data.coregen.dd@46975d40_ARCHIVE_LOCATION">c:/Users/jones/Desktop/EE316-Lab6/ip_repo/keyboard_subordinate_1.0</xilinx:tag>
        <xilinx:tag xilinx:name="ui.data.coregen.dd@730b4061_ARCHIVE_LOCATION">c:/Users/jones/Desktop/EE316-Lab6/ip_repo/keyboard_subordinate_1.0</xilinx:tag>
        <xilinx:tag xilinx:name="ui.data.coregen.dd@d72c6c2_ARCHIVE_LOCATION">c:/Users/jones/Desktop/EE316-Lab6/ip_repo/keyboard_subordinate_1.0</xilinx:tag>
        <xilinx:tag xilinx:name="ui.data.coregen.dd@5856f32b_ARCHIVE_LOCATION">c:/Users/jones/Desktop/EE316-Lab6/ip_repo/keyboard_subordinate_1.0</xilinx:tag>
        <xilinx:tag xilinx:name="ui.data.coregen.dd@30aa71c_ARCHIVE_LOCATION">c:/Users/jones/Desktop/EE316-Lab6/ip_repo/keyboard_subordinate_1.0</xilinx:tag>
        <xilinx:tag xilinx:name="ui.data.coregen.dd@33aeaced_ARCHIVE_LOCATION">c:/Users/jones/Desktop/EE316-Lab6/ip_repo/keyboard_subordinate_1.0</xilinx:tag>
        <xilinx:tag xilinx:name="ui.data.coregen.dd@3cf2aa8c_ARCHIVE_LOCATION">c:/Users/jones/Desktop/EE316-Lab6/ip_repo/keyboard_subordinate_1.0</xilinx:tag>
        <xilinx:tag xilinx:name="ui.data.coregen.dd@61b84f1a_ARCHIVE_LOCATION">c:/Users/jones/Desktop/EE316-Lab6/ip_repo/keyboard_subordinate_1.0</xilinx:tag>
        <xilinx:tag xilinx:name="ui.data.coregen.dd@105de40a_ARCHIVE_LOCATION">c:/Users/jones/Desktop/EE316-Lab6/ip_repo/keyboard_subordinate_1.0</xilinx:tag>
        <xilinx:tag xilinx:name="ui.data.coregen.dd@51d08450_ARCHIVE_LOCATION">c:/Users/jones/Desktop/EE316-Lab6/ip_repo/keyboard_subordinate_1.0</xilinx:tag>
        <xilinx:tag xilinx:name="ui.data.coregen.dd@3ae820db_ARCHIVE_LOCATION">c:/Users/jones/Desktop/EE316-Lab6/ip_repo/keyboard_subordinate_1.0</xilinx:tag>
        <xilinx:tag xilinx:name="ui.data.coregen.dd@1d34b494_ARCHIVE_LOCATION">c:/Users/jones/Desktop/EE316-Lab6/ip_repo/keyboard_subordinate_1.0</xilinx:tag>
        <xilinx:tag xilinx:name="ui.data.coregen.dd@2648fe58_ARCHIVE_LOCATION">c:/Users/jones/Desktop/EE316-Lab6/ip_repo/keyboard_subordinate_1.0</xilinx:tag>
        <xilinx:tag xilinx:name="ui.data.coregen.dd@44db8943_ARCHIVE_LOCATION">c:/Users/jones/Desktop/EE316-Lab6/ip_repo/keyboard_subordinate_1.0</xilinx:tag>
        <xilinx:tag xilinx:name="ui.data.coregen.dd@11cde58b_ARCHIVE_LOCATION">c:/Users/jones/Desktop/EE316-Lab6/ip_repo/keyboard_subordinate_1.0</xilinx:tag>
        <xilinx:tag xilinx:name="ui.data.coregen.dd@4a5f3ff9_ARCHIVE_LOCATION">c:/Users/jones/Desktop/EE316-Lab6/ip_repo/keyboard_subordinate_1.0</xilinx:tag>
        <xilinx:tag xilinx:name="ui.data.coregen.dd@1f22a489_ARCHIVE_LOCATION">c:/Users/jones/Desktop/EE316-Lab6/ip_repo/keyboard_subordinate_1.0</xilinx:tag>
        <xilinx:tag xilinx:name="ui.data.coregen.dd@d6e3a58_ARCHIVE_LOCATION">c:/Users/jones/Desktop/EE316-Lab6/ip_repo/keyboard_subordinate_1.0</xilinx:tag>
        <xilinx:tag xilinx:name="ui.data.coregen.dd@29c80556_ARCHIVE_LOCATION">c:/Users/jones/Desktop/EE316-Lab6/ip_repo/keyboard_subordinate_1.0</xilinx:tag>
        <xilinx:tag xilinx:name="ui.data.coregen.dd@541c7391_ARCHIVE_LOCATION">c:/Users/jones/Desktop/EE316-Lab6/ip_repo/keyboard_subordinate_1.0</xilinx:tag>
        <xilinx:tag xilinx:name="ui.data.coregen.dd@6f4af5ea_ARCHIVE_LOCATION">c:/Users/jones/Desktop/EE316-Lab6/ip_repo/keyboard_subordinate_1.0</xilinx:tag>
        <xilinx:tag xilinx:name="ui.data.coregen.dd@3d25d3fa_ARCHIVE_LOCATION">c:/Users/jones/Desktop/EE316-Lab6/ip_repo/keyboard_subordinate_1.0</xilinx:tag>
        <xilinx:tag xilinx:name="ui.data.coregen.dd@18bee25f_ARCHIVE_LOCATION">c:/Users/jones/Desktop/EE316-Lab6/ip_repo/keyboard_subordinate_1.0</xilinx:tag>
        <xilinx:tag xilinx:name="ui.data.coregen.dd@2e783c65_ARCHIVE_LOCATION">c:/Users/jones/Desktop/EE316-Lab6/ip_repo/keyboard_subordinate_1.0</xilinx:tag>
        <xilinx:tag xilinx:name="ui.data.coregen.dd@617580e7_ARCHIVE_LOCATION">c:/Users/jones/Desktop/EE316-Lab6/ip_repo/keyboard_subordinate_1.0</xilinx:tag>
        <xilinx:tag xilinx:name="ui.data.coregen.dd@442c36_ARCHIVE_LOCATION">c:/Users/jones/Desktop/EE316-Lab6/ip_repo/keyboard_subordinate_1.0</xilinx:tag>
        <xilinx:tag xilinx:name="ui.data.coregen.dd@5a9c395a_ARCHIVE_LOCATION">c:/Users/jones/Desktop/EE316-Lab6/ip_repo/keyboard_subordinate_1.0</xilinx:tag>
        <xilinx:tag xilinx:name="ui.data.coregen.dd@6a2c797d_ARCHIVE_LOCATION">c:/Users/jones/Desktop/EE316-Lab6/ip_repo/keyboard_subordinate_1.0</xilinx:tag>
        <xilinx:tag xilinx:name="ui.data.coregen.dd@17d2e75e_ARCHIVE_LOCATION">c:/Users/jones/Desktop/EE316-Lab6/ip_repo/keyboard_subordinate_1.0</xilinx:tag>
        <xilinx:tag xilinx:name="ui.data.coregen.dd@55712f14_ARCHIVE_LOCATION">c:/Users/jones/Desktop/EE316-Lab6/ip_repo/keyboard_subordinate_1.0</xilinx:tag>
        <xilinx:tag xilinx:name="ui.data.coregen.dd@1af2ef40_ARCHIVE_LOCATION">c:/Users/jones/Desktop/EE316-Lab6/ip_repo/keyboard_subordinate_1.0</xilinx:tag>
        <xilinx:tag xilinx:name="ui.data.coregen.dd@7b0aa615_ARCHIVE_LOCATION">c:/Users/jones/Desktop/EE316-Lab6/ip_repo/keyboard_subordinate_1.0</xilinx:tag>
        <xilinx:tag xilinx:name="ui.data.coregen.dd@4996674e_ARCHIVE_LOCATION">c:/Users/jones/Desktop/EE316-Lab6/ip_repo/keyboard_subordinate_1.0</xilinx:tag>
        <xilinx:tag xilinx:name="ui.data.coregen.dd@222b29c4_ARCHIVE_LOCATION">c:/Users/jones/Desktop/EE316-Lab6/ip_repo/keyboard_subordinate_1.0</xilinx:tag>
        <xilinx:tag xilinx:name="ui.data.coregen.dd@3380ad81_ARCHIVE_LOCATION">c:/Users/jones/Desktop/EE316-Lab6/ip_repo/keyboard_subordinate_1.0</xilinx:tag>
        <xilinx:tag xilinx:name="ui.data.coregen.dd@353319c6_ARCHIVE_LOCATION">c:/Users/jones/Desktop/EE316-Lab6/ip_repo/keyboard_subordinate_1.0</xilinx:tag>
        <xilinx:tag xilinx:name="ui.data.coregen.dd@ccc52b9_ARCHIVE_LOCATION">c:/Users/jones/Desktop/EE316-Lab6/ip_repo/keyboard_subordinate_1.0</xilinx:tag>
        <xilinx:tag xilinx:name="ui.data.coregen.dd@153c530f_ARCHIVE_LOCATION">c:/Users/jones/Desktop/EE316-Lab6/ip_repo/keyboard_subordinate_1.0</xilinx:tag>
        <xilinx:tag xilinx:name="ui.data.coregen.dd@5e610191_ARCHIVE_LOCATION">c:/Users/jones/Desktop/EE316-Lab6/ip_repo/keyboard_subordinate_1.0</xilinx:tag>
        <xilinx:tag xilinx:name="ui.data.coregen.dd@635536bd_ARCHIVE_LOCATION">c:/Users/jones/Desktop/EE316-Lab6/ip_repo/keyboard_subordinate_1.0</xilinx:tag>
        <xilinx:tag xilinx:name="ui.data.coregen.dd@23fe016d_ARCHIVE_LOCATION">c:/Users/jones/Desktop/EE316-Lab6/ip_repo/keyboard_subordinate_1.0</xilinx:tag>
        <xilinx:tag xilinx:name="ui.data.coregen.dd@6300bf73_ARCHIVE_LOCATION">c:/Users/jones/Desktop/EE316-Lab6/ip_repo/keyboard_subordinate_1.0</xilinx:tag>
        <xilinx:tag xilinx:name="ui.data.coregen.dd@37e8ae4e_ARCHIVE_LOCATION">c:/Users/jones/Desktop/EE316-Lab6/ip_repo/keyboard_subordinate_1.0</xilinx:tag>
        <xilinx:tag xilinx:name="ui.data.coregen.dd@5312edad_ARCHIVE_LOCATION">c:/Users/jones/Desktop/EE316-Lab6/ip_repo/keyboard_subordinate_1.0</xilinx:tag>
        <xilinx:tag xilinx:name="ui.data.coregen.dd@46b8f6b8_ARCHIVE_LOCATION">c:/Users/jones/Desktop/EE316-Lab6/ip_repo/keyboard_subordinate_1.0</xilinx:tag>
        <xilinx:tag xilinx:name="ui.data.coregen.dd@5ca7cd00_ARCHIVE_LOCATION">c:/Users/jones/Desktop/EE316-Lab6/ip_repo/keyboard_subordinate_1.0</xilinx:tag>
        <xilinx:tag xilinx:name="ui.data.coregen.dd@589ea35_ARCHIVE_LOCATION">c:/Users/jones/Desktop/EE316-Lab6/ip_repo/keyboard_subordinate_1.0</xilinx:tag>
        <xilinx:tag xilinx:name="ui.data.coregen.dd@1fca6936_ARCHIVE_LOCATION">c:/Users/jones/Desktop/EE316-Lab6/ip_repo/keyboard_subordinate_1.0</xilinx:tag>
        <xilinx:tag xilinx:name="ui.data.coregen.dd@21337659_ARCHIVE_LOCATION">c:/Users/jones/Desktop/EE316-Lab6/ip_repo/keyboard_subordinate_1.0</xilinx:tag>
        <xilinx:tag xilinx:name="ui.data.coregen.dd@72c4e932_ARCHIVE_LOCATION">c:/Users/jones/Desktop/EE316-Lab6/ip_repo/keyboard_subordinate_1.0</xilinx:tag>
        <xilinx:tag xilinx:name="ui.data.coregen.dd@189ecb08_ARCHIVE_LOCATION">c:/Users/jones/Desktop/EE316-Lab6/ip_repo/keyboard_subordinate_1.0</xilinx:tag>
        <xilinx:tag xilinx:name="ui.data.coregen.dd@22c7e606_ARCHIVE_LOCATION">c:/Users/jones/Desktop/EE316-Lab6/ip_repo/keyboard_subordinate_1.0</xilinx:tag>
        <xilinx:tag xilinx:name="ui.data.coregen.dd@2f48680c_ARCHIVE_LOCATION">c:/Users/jones/Desktop/EE316-Lab6/ip_repo/keyboard_subordinate_1.0</xilinx:tag>
        <xilinx:tag xilinx:name="ui.data.coregen.dd@23da42b2_ARCHIVE_LOCATION">c:/Users/jones/Desktop/EE316-Lab6/ip_repo/keyboard_subordinate_1.0</xilinx:tag>
        <xilinx:tag xilinx:name="ui.data.coregen.dd@2c492868_ARCHIVE_LOCATION">c:/Users/jones/Desktop/EE316-Lab6/ip_repo/keyboard_subordinate_1.0</xilinx:tag>
        <xilinx:tag xilinx:name="ui.data.coregen.dd@bf5e821_ARCHIVE_LOCATION">c:/Users/jones/Desktop/EE316-Lab6/ip_repo/keyboard_subordinate_1.0</xilinx:tag>
        <xilinx:tag xilinx:name="ui.data.coregen.dd@155bcd_ARCHIVE_LOCATION">c:/Users/jones/Desktop/EE316-Lab6/ip_repo/keyboard_subordinate_1.0</xilinx:tag>
        <xilinx:tag xilinx:name="ui.data.coregen.dd@2314f720_ARCHIVE_LOCATION">c:/Users/jones/Desktop/EE316-Lab6/ip_repo/keyboard_subordinate_1.0</xilinx:tag>
        <xilinx:tag xilinx:name="ui.data.coregen.dd@5bc12e9_ARCHIVE_LOCATION">c:/Users/jones/Desktop/EE316-Lab6/ip_repo/keyboard_subordinate_1.0</xilinx:tag>
        <xilinx:tag xilinx:name="ui.data.coregen.dd@f66ea26_ARCHIVE_LOCATION">c:/Users/jones/Desktop/EE316-Lab6/ip_repo/keyboard_subordinate_1.0</xilinx:tag>
        <xilinx:tag xilinx:name="ui.data.coregen.dd@2df62c1f_ARCHIVE_LOCATION">c:/Users/jones/Desktop/EE316-Lab6/ip_repo/keyboard_subordinate_1.0</xilinx:tag>
        <xilinx:tag xilinx:name="ui.data.coregen.dd@14b10e9b_ARCHIVE_LOCATION">c:/Users/jones/Desktop/EE316-Lab6/ip_repo/keyboard_subordinate_1.0</xilinx:tag>
        <xilinx:tag xilinx:name="ui.data.coregen.dd@6f4c93f9_ARCHIVE_LOCATION">c:/Users/jones/Desktop/EE316-Lab6/ip_repo/keyboard_subordinate_1.0</xilinx:tag>
        <xilinx:tag xilinx:name="ui.data.coregen.dd@19b9e50a_ARCHIVE_LOCATION">c:/Users/jones/Desktop/EE316-Lab6/ip_repo/keyboard_subordinate_1.0</xilinx:tag>
        <xilinx:tag xilinx:name="ui.data.coregen.dd@44228179_ARCHIVE_LOCATION">c:/Users/jones/Desktop/EE316-Lab6/ip_repo/keyboard_subordinate_1.0</xilinx:tag>
        <xilinx:tag xilinx:name="ui.data.coregen.dd@efc6e24_ARCHIVE_LOCATION">c:/Users/jones/Desktop/EE316-Lab6/ip_repo/keyboard_subordinate_1.0</xilinx:tag>
        <xilinx:tag xilinx:name="ui.data.coregen.dd@75965c13_ARCHIVE_LOCATION">c:/Users/jones/Desktop/EE316-Lab6/ip_repo/keyboard_subordinate_1.0</xilinx:tag>
        <xilinx:tag xilinx:name="ui.data.coregen.dd@4dc31024_ARCHIVE_LOCATION">c:/Users/jones/Desktop/EE316-Lab6/ip_repo/keyboard_subordinate_1.0</xilinx:tag>
        <xilinx:tag xilinx:name="ui.data.coregen.dd@6d2cfb0b_ARCHIVE_LOCATION">c:/Users/jones/Desktop/EE316-Lab6/ip_repo/keyboard_subordinate_1.0</xilinx:tag>
        <xilinx:tag xilinx:name="ui.data.coregen.dd@7fe40541_ARCHIVE_LOCATION">c:/Users/jones/Desktop/EE316-Lab6/ip_repo/keyboard_subordinate_1.0</xilinx:tag>
        <xilinx:tag xilinx:name="ui.data.coregen.dd@41997a0a_ARCHIVE_LOCATION">c:/Users/jones/Desktop/EE316-Lab6/ip_repo/keyboard_subordinate_1.0</xilinx:tag>
        <xilinx:tag xilinx:name="ui.data.coregen.dd@7d4f546c_ARCHIVE_LOCATION">c:/Users/jones/Desktop/EE316-Lab6/ip_repo/keyboard_subordinate_1.0</xilinx:tag>
      </xilinx:tags>
      <xilinx:configElementInfos>
        <xilinx:configElementInfo xilinx:referenceId="BUSIFPARAM_VALUE.S00_AXI.ADDR_WIDTH" xilinx:valueSource="auto" xilinx:valuePermission="bd"/>
        <xilinx:configElementInfo xilinx:referenceId="BUSIFPARAM_VALUE.S00_AXI.ARUSER_WIDTH" xilinx:valueSource="constant" xilinx:valuePermission="bd"/>
        <xilinx:configElementInfo xilinx:referenceId="BUSIFPARAM_VALUE.S00_AXI.AWUSER_WIDTH" xilinx:valueSource="constant" xilinx:valuePermission="bd"/>
        <xilinx:configElementInfo xilinx:referenceId="BUSIFPARAM_VALUE.S00_AXI.BUSER_WIDTH" xilinx:valueSource="constant" xilinx:valuePermission="bd"/>
        <xilinx:configElementInfo xilinx:referenceId="BUSIFPARAM_VALUE.S00_AXI.CLK_DOMAIN" xilinx:valuePermission="bd"/>
        <xilinx:configElementInfo xilinx:referenceId="BUSIFPARAM_VALUE.S00_AXI.DATA_WIDTH" xilinx:valueSource="auto" xilinx:valuePermission="bd"/>
        <xilinx:configElementInfo xilinx:referenceId="BUSIFPARAM_VALUE.S00_AXI.FREQ_HZ" xilinx:valuePermission="bd"/>
        <xilinx:configElementInfo xilinx:referenceId="BUSIFPARAM_VALUE.S00_AXI.HAS_BRESP" xilinx:valueSource="constant" xilinx:valuePermission="bd"/>
        <xilinx:configElementInfo xilinx:referenceId="BUSIFPARAM_VALUE.S00_AXI.HAS_BURST" xilinx:valueSource="constant" xilinx:valuePermission="bd"/>
        <xilinx:configElementInfo xilinx:referenceId="BUSIFPARAM_VALUE.S00_AXI.HAS_CACHE" xilinx:valueSource="constant" xilinx:valuePermission="bd"/>
        <xilinx:configElementInfo xilinx:referenceId="BUSIFPARAM_VALUE.S00_AXI.HAS_LOCK" xilinx:valueSource="constant" xilinx:valuePermission="bd"/>
        <xilinx:configElementInfo xilinx:referenceId="BUSIFPARAM_VALUE.S00_AXI.HAS_PROT" xilinx:valueSource="constant" xilinx:valuePermission="bd"/>
        <xilinx:configElementInfo xilinx:referenceId="BUSIFPARAM_VALUE.S00_AXI.HAS_QOS" xilinx:valueSource="constant" xilinx:valuePermission="bd"/>
        <xilinx:configElementInfo xilinx:referenceId="BUSIFPARAM_VALUE.S00_AXI.HAS_REGION" xilinx:valueSource="constant" xilinx:valuePermission="bd"/>
        <xilinx:configElementInfo xilinx:referenceId="BUSIFPARAM_VALUE.S00_AXI.HAS_RRESP" xilinx:valueSource="constant" xilinx:valuePermission="bd"/>
        <xilinx:configElementInfo xilinx:referenceId="BUSIFPARAM_VALUE.S00_AXI.HAS_WSTRB" xilinx:valueSource="constant" xilinx:valuePermission="bd"/>
        <xilinx:configElementInfo xilinx:referenceId="BUSIFPARAM_VALUE.S00_AXI.ID_WIDTH" xilinx:valueSource="constant" xilinx:valuePermission="bd"/>
        <xilinx:configElementInfo xilinx:referenceId="BUSIFPARAM_VALUE.S00_AXI.MAX_BURST_LENGTH" xilinx:valuePermission="bd"/>
        <xilinx:configElementInfo xilinx:referenceId="BUSIFPARAM_VALUE.S00_AXI.NUM_READ_OUTSTANDING" xilinx:valueSource="default_prop" xilinx:valuePermission="bd"/>
        <xilinx:configElementInfo xilinx:referenceId="BUSIFPARAM_VALUE.S00_AXI.NUM_WRITE_OUTSTANDING" xilinx:valueSource="default_prop" xilinx:valuePermission="bd"/>
        <xilinx:configElementInfo xilinx:referenceId="BUSIFPARAM_VALUE.S00_AXI.PHASE" xilinx:valuePermission="bd"/>
        <xilinx:configElementInfo xilinx:referenceId="BUSIFPARAM_VALUE.S00_AXI.PROTOCOL" xilinx:valueSource="constant" xilinx:valuePermission="bd"/>
        <xilinx:configElementInfo xilinx:referenceId="BUSIFPARAM_VALUE.S00_AXI.READ_WRITE_MODE" xilinx:valueSource="constant" xilinx:valuePermission="bd"/>
        <xilinx:configElementInfo xilinx:referenceId="BUSIFPARAM_VALUE.S00_AXI.RUSER_WIDTH" xilinx:valueSource="constant" xilinx:valuePermission="bd"/>
        <xilinx:configElementInfo xilinx:referenceId="BUSIFPARAM_VALUE.S00_AXI.WUSER_WIDTH" xilinx:valueSource="constant" xilinx:valuePermission="bd"/>
        <xilinx:configElementInfo xilinx:referenceId="BUSIFPARAM_VALUE.S00_AXI_CLK.CLK_DOMAIN" xilinx:valuePermission="bd"/>
        <xilinx:configElementInfo xilinx:referenceId="BUSIFPARAM_VALUE.S00_AXI_CLK.FREQ_HZ" xilinx:valuePermission="bd"/>
        <xilinx:configElementInfo xilinx:referenceId="BUSIFPARAM_VALUE.S00_AXI_CLK.PHASE" xilinx:valuePermission="bd"/>
        <xilinx:configElementInfo xilinx:referenceId="PARAM_VALUE.C_S00_AXI_ADDR_WIDTH" xilinx:valueSource="user"/>
      </xilinx:configElementInfos>
    </xilinx:coreExtensions>
    <xilinx:packagingInfo>
      <xilinx:xilinxVersion>2019.1</xilinx:xilinxVersion>
      <xilinx:checksum xilinx:scope="busInterfaces" xilinx:value="7a63f3fc"/>
      <xilinx:checksum xilinx:scope="memoryMaps" xilinx:value="ed1368d5"/>
      <xilinx:checksum xilinx:scope="fileGroups" xilinx:value="0020ec7f"/>
      <xilinx:checksum xilinx:scope="ports" xilinx:value="c00a7aa9"/>
      <xilinx:checksum xilinx:scope="hdlParameters" xilinx:value="d6d597f2"/>
      <xilinx:checksum xilinx:scope="parameters" xilinx:value="1257bdbb"/>
    </xilinx:packagingInfo>
  </spirit:vendorExtensions>
</spirit:component>
