<?xml version="1.0" encoding="UTF-8"?>
<spirit:component xmlns:xilinx="http://www.xilinx.com" xmlns:spirit="http://www.spiritconsortium.org/XMLSchema/SPIRIT/1685-2009" xmlns:xsi="http://www.w3.org/2001/XMLSchema-instance">
  <spirit:vendor>xilinx.com</spirit:vendor>
  <spirit:library>customized_ip</spirit:library>
  <spirit:name>design_1_videomemlab_master_0_0</spirit:name>
  <spirit:version>1.0</spirit:version>
  <spirit:busInterfaces>
    <spirit:busInterface>
      <spirit:name>M00_AXI</spirit:name>
      <spirit:busType spirit:vendor="xilinx.com" spirit:library="interface" spirit:name="aximm" spirit:version="1.0"/>
      <spirit:abstractionType spirit:vendor="xilinx.com" spirit:library="interface" spirit:name="aximm_rtl" spirit:version="1.0"/>
      <spirit:master>
        <spirit:addressSpaceRef spirit:addressSpaceRef="M00_AXI"/>
      </spirit:master>
      <spirit:portMaps>
        <spirit:portMap>
          <spirit:logicalPort>
            <spirit:name>AWADDR</spirit:name>
          </spirit:logicalPort>
          <spirit:physicalPort>
            <spirit:name>m00_axi_awaddr</spirit:name>
          </spirit:physicalPort>
        </spirit:portMap>
        <spirit:portMap>
          <spirit:logicalPort>
            <spirit:name>AWPROT</spirit:name>
          </spirit:logicalPort>
          <spirit:physicalPort>
            <spirit:name>m00_axi_awprot</spirit:name>
          </spirit:physicalPort>
        </spirit:portMap>
        <spirit:portMap>
          <spirit:logicalPort>
            <spirit:name>AWVALID</spirit:name>
          </spirit:logicalPort>
          <spirit:physicalPort>
            <spirit:name>m00_axi_awvalid</spirit:name>
          </spirit:physicalPort>
        </spirit:portMap>
        <spirit:portMap>
          <spirit:logicalPort>
            <spirit:name>AWREADY</spirit:name>
          </spirit:logicalPort>
          <spirit:physicalPort>
            <spirit:name>m00_axi_awready</spirit:name>
          </spirit:physicalPort>
        </spirit:portMap>
        <spirit:portMap>
          <spirit:logicalPort>
            <spirit:name>WDATA</spirit:name>
          </spirit:logicalPort>
          <spirit:physicalPort>
            <spirit:name>m00_axi_wdata</spirit:name>
          </spirit:physicalPort>
        </spirit:portMap>
        <spirit:portMap>
          <spirit:logicalPort>
            <spirit:name>WSTRB</spirit:name>
          </spirit:logicalPort>
          <spirit:physicalPort>
            <spirit:name>m00_axi_wstrb</spirit:name>
          </spirit:physicalPort>
        </spirit:portMap>
        <spirit:portMap>
          <spirit:logicalPort>
            <spirit:name>WVALID</spirit:name>
          </spirit:logicalPort>
          <spirit:physicalPort>
            <spirit:name>m00_axi_wvalid</spirit:name>
          </spirit:physicalPort>
        </spirit:portMap>
        <spirit:portMap>
          <spirit:logicalPort>
            <spirit:name>WREADY</spirit:name>
          </spirit:logicalPort>
          <spirit:physicalPort>
            <spirit:name>m00_axi_wready</spirit:name>
          </spirit:physicalPort>
        </spirit:portMap>
        <spirit:portMap>
          <spirit:logicalPort>
            <spirit:name>BRESP</spirit:name>
          </spirit:logicalPort>
          <spirit:physicalPort>
            <spirit:name>m00_axi_bresp</spirit:name>
          </spirit:physicalPort>
        </spirit:portMap>
        <spirit:portMap>
          <spirit:logicalPort>
            <spirit:name>BVALID</spirit:name>
          </spirit:logicalPort>
          <spirit:physicalPort>
            <spirit:name>m00_axi_bvalid</spirit:name>
          </spirit:physicalPort>
        </spirit:portMap>
        <spirit:portMap>
          <spirit:logicalPort>
            <spirit:name>BREADY</spirit:name>
          </spirit:logicalPort>
          <spirit:physicalPort>
            <spirit:name>m00_axi_bready</spirit:name>
          </spirit:physicalPort>
        </spirit:portMap>
        <spirit:portMap>
          <spirit:logicalPort>
            <spirit:name>ARADDR</spirit:name>
          </spirit:logicalPort>
          <spirit:physicalPort>
            <spirit:name>m00_axi_araddr</spirit:name>
          </spirit:physicalPort>
        </spirit:portMap>
        <spirit:portMap>
          <spirit:logicalPort>
            <spirit:name>ARPROT</spirit:name>
          </spirit:logicalPort>
          <spirit:physicalPort>
            <spirit:name>m00_axi_arprot</spirit:name>
          </spirit:physicalPort>
        </spirit:portMap>
        <spirit:portMap>
          <spirit:logicalPort>
            <spirit:name>ARVALID</spirit:name>
          </spirit:logicalPort>
          <spirit:physicalPort>
            <spirit:name>m00_axi_arvalid</spirit:name>
          </spirit:physicalPort>
        </spirit:portMap>
        <spirit:portMap>
          <spirit:logicalPort>
            <spirit:name>ARREADY</spirit:name>
          </spirit:logicalPort>
          <spirit:physicalPort>
            <spirit:name>m00_axi_arready</spirit:name>
          </spirit:physicalPort>
        </spirit:portMap>
        <spirit:portMap>
          <spirit:logicalPort>
            <spirit:name>RDATA</spirit:name>
          </spirit:logicalPort>
          <spirit:physicalPort>
            <spirit:name>m00_axi_rdata</spirit:name>
          </spirit:physicalPort>
        </spirit:portMap>
        <spirit:portMap>
          <spirit:logicalPort>
            <spirit:name>RRESP</spirit:name>
          </spirit:logicalPort>
          <spirit:physicalPort>
            <spirit:name>m00_axi_rresp</spirit:name>
          </spirit:physicalPort>
        </spirit:portMap>
        <spirit:portMap>
          <spirit:logicalPort>
            <spirit:name>RVALID</spirit:name>
          </spirit:logicalPort>
          <spirit:physicalPort>
            <spirit:name>m00_axi_rvalid</spirit:name>
          </spirit:physicalPort>
        </spirit:portMap>
        <spirit:portMap>
          <spirit:logicalPort>
            <spirit:name>RREADY</spirit:name>
          </spirit:logicalPort>
          <spirit:physicalPort>
            <spirit:name>m00_axi_rready</spirit:name>
          </spirit:physicalPort>
        </spirit:portMap>
      </spirit:portMaps>
      <spirit:parameters>
        <spirit:parameter>
          <spirit:name>WIZ_DATA_WIDTH</spirit:name>
          <spirit:value spirit:format="long" spirit:id="BUSIFPARAM_VALUE.M00_AXI.WIZ_DATA_WIDTH" spirit:choiceRef="choice_list_6fc15197">32</spirit:value>
        </spirit:parameter>
        <spirit:parameter>
          <spirit:name>SUPPORTS_NARROW_BURST</spirit:name>
          <spirit:value spirit:format="long" spirit:id="BUSIFPARAM_VALUE.M00_AXI.SUPPORTS_NARROW_BURST" spirit:choiceRef="choice_pairs_ce1226b1">0</spirit:value>
        </spirit:parameter>
        <spirit:parameter>
          <spirit:name>DATA_WIDTH</spirit:name>
          <spirit:value spirit:format="long" spirit:resolve="generated" spirit:id="BUSIFPARAM_VALUE.M00_AXI.DATA_WIDTH">32</spirit:value>
          <spirit:vendorExtensions>
            <xilinx:parameterInfo>
              <xilinx:parameterUsage>none</xilinx:parameterUsage>
            </xilinx:parameterInfo>
          </spirit:vendorExtensions>
        </spirit:parameter>
        <spirit:parameter>
          <spirit:name>PROTOCOL</spirit:name>
          <spirit:value spirit:resolve="generated" spirit:id="BUSIFPARAM_VALUE.M00_AXI.PROTOCOL">AXI4LITE</spirit:value>
          <spirit:vendorExtensions>
            <xilinx:parameterInfo>
              <xilinx:parameterUsage>none</xilinx:parameterUsage>
            </xilinx:parameterInfo>
          </spirit:vendorExtensions>
        </spirit:parameter>
        <spirit:parameter>
          <spirit:name>FREQ_HZ</spirit:name>
          <spirit:value spirit:format="long" spirit:resolve="generated" spirit:id="BUSIFPARAM_VALUE.M00_AXI.FREQ_HZ">100000000</spirit:value>
          <spirit:vendorExtensions>
            <xilinx:parameterInfo>
              <xilinx:parameterUsage>none</xilinx:parameterUsage>
            </xilinx:parameterInfo>
          </spirit:vendorExtensions>
        </spirit:parameter>
        <spirit:parameter>
          <spirit:name>ID_WIDTH</spirit:name>
          <spirit:value spirit:format="long" spirit:resolve="generated" spirit:id="BUSIFPARAM_VALUE.M00_AXI.ID_WIDTH">0</spirit:value>
          <spirit:vendorExtensions>
            <xilinx:parameterInfo>
              <xilinx:parameterUsage>none</xilinx:parameterUsage>
            </xilinx:parameterInfo>
          </spirit:vendorExtensions>
        </spirit:parameter>
        <spirit:parameter>
          <spirit:name>ADDR_WIDTH</spirit:name>
          <spirit:value spirit:format="long" spirit:resolve="generated" spirit:id="BUSIFPARAM_VALUE.M00_AXI.ADDR_WIDTH">32</spirit:value>
          <spirit:vendorExtensions>
            <xilinx:parameterInfo>
              <xilinx:parameterUsage>none</xilinx:parameterUsage>
            </xilinx:parameterInfo>
          </spirit:vendorExtensions>
        </spirit:parameter>
        <spirit:parameter>
          <spirit:name>AWUSER_WIDTH</spirit:name>
          <spirit:value spirit:format="long" spirit:resolve="generated" spirit:id="BUSIFPARAM_VALUE.M00_AXI.AWUSER_WIDTH">0</spirit:value>
          <spirit:vendorExtensions>
            <xilinx:parameterInfo>
              <xilinx:parameterUsage>none</xilinx:parameterUsage>
            </xilinx:parameterInfo>
          </spirit:vendorExtensions>
        </spirit:parameter>
        <spirit:parameter>
          <spirit:name>ARUSER_WIDTH</spirit:name>
          <spirit:value spirit:format="long" spirit:resolve="generated" spirit:id="BUSIFPARAM_VALUE.M00_AXI.ARUSER_WIDTH">0</spirit:value>
          <spirit:vendorExtensions>
            <xilinx:parameterInfo>
              <xilinx:parameterUsage>none</xilinx:parameterUsage>
            </xilinx:parameterInfo>
          </spirit:vendorExtensions>
        </spirit:parameter>
        <spirit:parameter>
          <spirit:name>WUSER_WIDTH</spirit:name>
          <spirit:value spirit:format="long" spirit:resolve="generated" spirit:id="BUSIFPARAM_VALUE.M00_AXI.WUSER_WIDTH">0</spirit:value>
          <spirit:vendorExtensions>
            <xilinx:parameterInfo>
              <xilinx:parameterUsage>none</xilinx:parameterUsage>
            </xilinx:parameterInfo>
          </spirit:vendorExtensions>
        </spirit:parameter>
        <spirit:parameter>
          <spirit:name>RUSER_WIDTH</spirit:name>
          <spirit:value spirit:format="long" spirit:resolve="generated" spirit:id="BUSIFPARAM_VALUE.M00_AXI.RUSER_WIDTH">0</spirit:value>
          <spirit:vendorExtensions>
            <xilinx:parameterInfo>
              <xilinx:parameterUsage>none</xilinx:parameterUsage>
            </xilinx:parameterInfo>
          </spirit:vendorExtensions>
        </spirit:parameter>
        <spirit:parameter>
          <spirit:name>BUSER_WIDTH</spirit:name>
          <spirit:value spirit:format="long" spirit:resolve="generated" spirit:id="BUSIFPARAM_VALUE.M00_AXI.BUSER_WIDTH">0</spirit:value>
          <spirit:vendorExtensions>
            <xilinx:parameterInfo>
              <xilinx:parameterUsage>none</xilinx:parameterUsage>
            </xilinx:parameterInfo>
          </spirit:vendorExtensions>
        </spirit:parameter>
        <spirit:parameter>
          <spirit:name>READ_WRITE_MODE</spirit:name>
          <spirit:value spirit:resolve="generated" spirit:id="BUSIFPARAM_VALUE.M00_AXI.READ_WRITE_MODE">READ_WRITE</spirit:value>
          <spirit:vendorExtensions>
            <xilinx:parameterInfo>
              <xilinx:parameterUsage>none</xilinx:parameterUsage>
            </xilinx:parameterInfo>
          </spirit:vendorExtensions>
        </spirit:parameter>
        <spirit:parameter>
          <spirit:name>HAS_BURST</spirit:name>
          <spirit:value spirit:format="long" spirit:resolve="generated" spirit:id="BUSIFPARAM_VALUE.M00_AXI.HAS_BURST">0</spirit:value>
          <spirit:vendorExtensions>
            <xilinx:parameterInfo>
              <xilinx:parameterUsage>none</xilinx:parameterUsage>
            </xilinx:parameterInfo>
          </spirit:vendorExtensions>
        </spirit:parameter>
        <spirit:parameter>
          <spirit:name>HAS_LOCK</spirit:name>
          <spirit:value spirit:format="long" spirit:resolve="generated" spirit:id="BUSIFPARAM_VALUE.M00_AXI.HAS_LOCK">0</spirit:value>
          <spirit:vendorExtensions>
            <xilinx:parameterInfo>
              <xilinx:parameterUsage>none</xilinx:parameterUsage>
            </xilinx:parameterInfo>
          </spirit:vendorExtensions>
        </spirit:parameter>
        <spirit:parameter>
          <spirit:name>HAS_PROT</spirit:name>
          <spirit:value spirit:format="long" spirit:resolve="generated" spirit:id="BUSIFPARAM_VALUE.M00_AXI.HAS_PROT">1</spirit:value>
          <spirit:vendorExtensions>
            <xilinx:parameterInfo>
              <xilinx:parameterUsage>none</xilinx:parameterUsage>
            </xilinx:parameterInfo>
          </spirit:vendorExtensions>
        </spirit:parameter>
        <spirit:parameter>
          <spirit:name>HAS_CACHE</spirit:name>
          <spirit:value spirit:format="long" spirit:resolve="generated" spirit:id="BUSIFPARAM_VALUE.M00_AXI.HAS_CACHE">0</spirit:value>
          <spirit:vendorExtensions>
            <xilinx:parameterInfo>
              <xilinx:parameterUsage>none</xilinx:parameterUsage>
            </xilinx:parameterInfo>
          </spirit:vendorExtensions>
        </spirit:parameter>
        <spirit:parameter>
          <spirit:name>HAS_QOS</spirit:name>
          <spirit:value spirit:format="long" spirit:resolve="generated" spirit:id="BUSIFPARAM_VALUE.M00_AXI.HAS_QOS">0</spirit:value>
          <spirit:vendorExtensions>
            <xilinx:parameterInfo>
              <xilinx:parameterUsage>none</xilinx:parameterUsage>
            </xilinx:parameterInfo>
          </spirit:vendorExtensions>
        </spirit:parameter>
        <spirit:parameter>
          <spirit:name>HAS_REGION</spirit:name>
          <spirit:value spirit:format="long" spirit:resolve="generated" spirit:id="BUSIFPARAM_VALUE.M00_AXI.HAS_REGION">0</spirit:value>
          <spirit:vendorExtensions>
            <xilinx:parameterInfo>
              <xilinx:parameterUsage>none</xilinx:parameterUsage>
            </xilinx:parameterInfo>
          </spirit:vendorExtensions>
        </spirit:parameter>
        <spirit:parameter>
          <spirit:name>HAS_WSTRB</spirit:name>
          <spirit:value spirit:format="long" spirit:resolve="generated" spirit:id="BUSIFPARAM_VALUE.M00_AXI.HAS_WSTRB">1</spirit:value>
          <spirit:vendorExtensions>
            <xilinx:parameterInfo>
              <xilinx:parameterUsage>none</xilinx:parameterUsage>
            </xilinx:parameterInfo>
          </spirit:vendorExtensions>
        </spirit:parameter>
        <spirit:parameter>
          <spirit:name>HAS_BRESP</spirit:name>
          <spirit:value spirit:format="long" spirit:resolve="generated" spirit:id="BUSIFPARAM_VALUE.M00_AXI.HAS_BRESP">1</spirit:value>
          <spirit:vendorExtensions>
            <xilinx:parameterInfo>
              <xilinx:parameterUsage>none</xilinx:parameterUsage>
            </xilinx:parameterInfo>
          </spirit:vendorExtensions>
        </spirit:parameter>
        <spirit:parameter>
          <spirit:name>HAS_RRESP</spirit:name>
          <spirit:value spirit:format="long" spirit:resolve="generated" spirit:id="BUSIFPARAM_VALUE.M00_AXI.HAS_RRESP">1</spirit:value>
          <spirit:vendorExtensions>
            <xilinx:parameterInfo>
              <xilinx:parameterUsage>none</xilinx:parameterUsage>
            </xilinx:parameterInfo>
          </spirit:vendorExtensions>
        </spirit:parameter>
        <spirit:parameter>
          <spirit:name>NUM_READ_OUTSTANDING</spirit:name>
          <spirit:value spirit:format="long" spirit:resolve="generated" spirit:id="BUSIFPARAM_VALUE.M00_AXI.NUM_READ_OUTSTANDING">1</spirit:value>
          <spirit:vendorExtensions>
            <xilinx:parameterInfo>
              <xilinx:parameterUsage>none</xilinx:parameterUsage>
            </xilinx:parameterInfo>
          </spirit:vendorExtensions>
        </spirit:parameter>
        <spirit:parameter>
          <spirit:name>NUM_WRITE_OUTSTANDING</spirit:name>
          <spirit:value spirit:format="long" spirit:resolve="generated" spirit:id="BUSIFPARAM_VALUE.M00_AXI.NUM_WRITE_OUTSTANDING">1</spirit:value>
          <spirit:vendorExtensions>
            <xilinx:parameterInfo>
              <xilinx:parameterUsage>none</xilinx:parameterUsage>
            </xilinx:parameterInfo>
          </spirit:vendorExtensions>
        </spirit:parameter>
        <spirit:parameter>
          <spirit:name>MAX_BURST_LENGTH</spirit:name>
          <spirit:value spirit:format="long" spirit:resolve="generated" spirit:id="BUSIFPARAM_VALUE.M00_AXI.MAX_BURST_LENGTH">1</spirit:value>
          <spirit:vendorExtensions>
            <xilinx:parameterInfo>
              <xilinx:parameterUsage>none</xilinx:parameterUsage>
            </xilinx:parameterInfo>
          </spirit:vendorExtensions>
        </spirit:parameter>
        <spirit:parameter>
          <spirit:name>PHASE</spirit:name>
          <spirit:value spirit:format="float" spirit:resolve="generated" spirit:id="BUSIFPARAM_VALUE.M00_AXI.PHASE">0.0</spirit:value>
          <spirit:vendorExtensions>
            <xilinx:parameterInfo>
              <xilinx:parameterUsage>none</xilinx:parameterUsage>
            </xilinx:parameterInfo>
          </spirit:vendorExtensions>
        </spirit:parameter>
        <spirit:parameter>
          <spirit:name>CLK_DOMAIN</spirit:name>
          <spirit:value spirit:resolve="generated" spirit:id="BUSIFPARAM_VALUE.M00_AXI.CLK_DOMAIN">/clk_wiz_0_clk_out1</spirit:value>
          <spirit:vendorExtensions>
            <xilinx:parameterInfo>
              <xilinx:parameterUsage>none</xilinx:parameterUsage>
            </xilinx:parameterInfo>
          </spirit:vendorExtensions>
        </spirit:parameter>
        <spirit:parameter>
          <spirit:name>NUM_READ_THREADS</spirit:name>
          <spirit:value spirit:format="long" spirit:resolve="generated" spirit:id="BUSIFPARAM_VALUE.M00_AXI.NUM_READ_THREADS">1</spirit:value>
          <spirit:vendorExtensions>
            <xilinx:parameterInfo>
              <xilinx:parameterUsage>none</xilinx:parameterUsage>
            </xilinx:parameterInfo>
          </spirit:vendorExtensions>
        </spirit:parameter>
        <spirit:parameter>
          <spirit:name>NUM_WRITE_THREADS</spirit:name>
          <spirit:value spirit:format="long" spirit:resolve="generated" spirit:id="BUSIFPARAM_VALUE.M00_AXI.NUM_WRITE_THREADS">1</spirit:value>
          <spirit:vendorExtensions>
            <xilinx:parameterInfo>
              <xilinx:parameterUsage>none</xilinx:parameterUsage>
            </xilinx:parameterInfo>
          </spirit:vendorExtensions>
        </spirit:parameter>
        <spirit:parameter>
          <spirit:name>RUSER_BITS_PER_BYTE</spirit:name>
          <spirit:value spirit:format="long" spirit:resolve="generated" spirit:id="BUSIFPARAM_VALUE.M00_AXI.RUSER_BITS_PER_BYTE">0</spirit:value>
          <spirit:vendorExtensions>
            <xilinx:parameterInfo>
              <xilinx:parameterUsage>none</xilinx:parameterUsage>
            </xilinx:parameterInfo>
          </spirit:vendorExtensions>
        </spirit:parameter>
        <spirit:parameter>
          <spirit:name>WUSER_BITS_PER_BYTE</spirit:name>
          <spirit:value spirit:format="long" spirit:resolve="generated" spirit:id="BUSIFPARAM_VALUE.M00_AXI.WUSER_BITS_PER_BYTE">0</spirit:value>
          <spirit:vendorExtensions>
            <xilinx:parameterInfo>
              <xilinx:parameterUsage>none</xilinx:parameterUsage>
            </xilinx:parameterInfo>
          </spirit:vendorExtensions>
        </spirit:parameter>
        <spirit:parameter>
          <spirit:name>INSERT_VIP</spirit:name>
          <spirit:value spirit:format="long" spirit:resolve="user" spirit:id="BUSIFPARAM_VALUE.M00_AXI.INSERT_VIP">0</spirit:value>
          <spirit:vendorExtensions>
            <xilinx:parameterInfo>
              <xilinx:parameterUsage>simulation.rtl</xilinx:parameterUsage>
            </xilinx:parameterInfo>
          </spirit:vendorExtensions>
        </spirit:parameter>
      </spirit:parameters>
    </spirit:busInterface>
    <spirit:busInterface>
      <spirit:name>M00_AXI_RST</spirit:name>
      <spirit:busType spirit:vendor="xilinx.com" spirit:library="signal" spirit:name="reset" spirit:version="1.0"/>
      <spirit:abstractionType spirit:vendor="xilinx.com" spirit:library="signal" spirit:name="reset_rtl" spirit:version="1.0"/>
      <spirit:slave/>
      <spirit:portMaps>
        <spirit:portMap>
          <spirit:logicalPort>
            <spirit:name>RST</spirit:name>
          </spirit:logicalPort>
          <spirit:physicalPort>
            <spirit:name>m00_axi_aresetn</spirit:name>
          </spirit:physicalPort>
        </spirit:portMap>
      </spirit:portMaps>
      <spirit:parameters>
        <spirit:parameter>
          <spirit:name>POLARITY</spirit:name>
          <spirit:value spirit:id="BUSIFPARAM_VALUE.M00_AXI_RST.POLARITY" spirit:choiceRef="choice_list_9d8b0d81">ACTIVE_LOW</spirit:value>
        </spirit:parameter>
        <spirit:parameter>
          <spirit:name>INSERT_VIP</spirit:name>
          <spirit:value spirit:format="long" spirit:resolve="user" spirit:id="BUSIFPARAM_VALUE.M00_AXI_RST.INSERT_VIP">0</spirit:value>
          <spirit:vendorExtensions>
            <xilinx:parameterInfo>
              <xilinx:parameterUsage>simulation.rtl</xilinx:parameterUsage>
            </xilinx:parameterInfo>
          </spirit:vendorExtensions>
        </spirit:parameter>
      </spirit:parameters>
    </spirit:busInterface>
    <spirit:busInterface>
      <spirit:name>M00_AXI_CLK</spirit:name>
      <spirit:busType spirit:vendor="xilinx.com" spirit:library="signal" spirit:name="clock" spirit:version="1.0"/>
      <spirit:abstractionType spirit:vendor="xilinx.com" spirit:library="signal" spirit:name="clock_rtl" spirit:version="1.0"/>
      <spirit:slave/>
      <spirit:portMaps>
        <spirit:portMap>
          <spirit:logicalPort>
            <spirit:name>CLK</spirit:name>
          </spirit:logicalPort>
          <spirit:physicalPort>
            <spirit:name>m00_axi_aclk</spirit:name>
          </spirit:physicalPort>
        </spirit:portMap>
      </spirit:portMaps>
      <spirit:parameters>
        <spirit:parameter>
          <spirit:name>ASSOCIATED_BUSIF</spirit:name>
          <spirit:value spirit:id="BUSIFPARAM_VALUE.M00_AXI_CLK.ASSOCIATED_BUSIF">M00_AXI</spirit:value>
        </spirit:parameter>
        <spirit:parameter>
          <spirit:name>ASSOCIATED_RESET</spirit:name>
          <spirit:value spirit:id="BUSIFPARAM_VALUE.M00_AXI_CLK.ASSOCIATED_RESET">m00_axi_aresetn</spirit:value>
        </spirit:parameter>
        <spirit:parameter>
          <spirit:name>FREQ_HZ</spirit:name>
          <spirit:value spirit:format="long" spirit:resolve="generated" spirit:id="BUSIFPARAM_VALUE.M00_AXI_CLK.FREQ_HZ">100000000</spirit:value>
          <spirit:vendorExtensions>
            <xilinx:parameterInfo>
              <xilinx:parameterUsage>none</xilinx:parameterUsage>
            </xilinx:parameterInfo>
          </spirit:vendorExtensions>
        </spirit:parameter>
        <spirit:parameter>
          <spirit:name>PHASE</spirit:name>
          <spirit:value spirit:format="float" spirit:resolve="generated" spirit:id="BUSIFPARAM_VALUE.M00_AXI_CLK.PHASE">0.0</spirit:value>
          <spirit:vendorExtensions>
            <xilinx:parameterInfo>
              <xilinx:parameterUsage>none</xilinx:parameterUsage>
            </xilinx:parameterInfo>
          </spirit:vendorExtensions>
        </spirit:parameter>
        <spirit:parameter>
          <spirit:name>CLK_DOMAIN</spirit:name>
          <spirit:value spirit:resolve="generated" spirit:id="BUSIFPARAM_VALUE.M00_AXI_CLK.CLK_DOMAIN">/clk_wiz_0_clk_out1</spirit:value>
          <spirit:vendorExtensions>
            <xilinx:parameterInfo>
              <xilinx:parameterUsage>none</xilinx:parameterUsage>
            </xilinx:parameterInfo>
          </spirit:vendorExtensions>
        </spirit:parameter>
        <spirit:parameter>
          <spirit:name>INSERT_VIP</spirit:name>
          <spirit:value spirit:format="long" spirit:resolve="user" spirit:id="BUSIFPARAM_VALUE.M00_AXI_CLK.INSERT_VIP">0</spirit:value>
          <spirit:vendorExtensions>
            <xilinx:parameterInfo>
              <xilinx:parameterUsage>simulation.rtl</xilinx:parameterUsage>
            </xilinx:parameterInfo>
          </spirit:vendorExtensions>
        </spirit:parameter>
      </spirit:parameters>
    </spirit:busInterface>
  </spirit:busInterfaces>
  <spirit:addressSpaces>
    <spirit:addressSpace>
      <spirit:name>M00_AXI</spirit:name>
      <spirit:range spirit:format="long" spirit:resolve="dependent" spirit:dependency="pow(2,(spirit:decode(id(&apos;MODELPARAM_VALUE.C_M00_AXI_ADDR_WIDTH&apos;)) - 1) + 1)" spirit:minimum="0" spirit:maximum="4294967296" spirit:rangeType="long">4294967296</spirit:range>
      <spirit:width spirit:format="long" spirit:resolve="dependent" spirit:dependency="(spirit:decode(id(&apos;MODELPARAM_VALUE.C_M00_AXI_DATA_WIDTH&apos;)) - 1) + 1">32</spirit:width>
    </spirit:addressSpace>
  </spirit:addressSpaces>
  <spirit:model>
    <spirit:views>
      <spirit:view>
        <spirit:name>xilinx_vhdlsynthesis</spirit:name>
        <spirit:displayName>VHDL Synthesis</spirit:displayName>
        <spirit:envIdentifier>vhdlSource:vivado.xilinx.com:synthesis</spirit:envIdentifier>
        <spirit:language>vhdl</spirit:language>
        <spirit:modelName>videomemlab_master_v1_0</spirit:modelName>
        <spirit:fileSetRef>
          <spirit:localName>xilinx_vhdlsynthesis_view_fileset</spirit:localName>
        </spirit:fileSetRef>
        <spirit:parameters>
          <spirit:parameter>
            <spirit:name>GENtimestamp</spirit:name>
            <spirit:value>Thu Apr 21 18:31:53 UTC 2022</spirit:value>
          </spirit:parameter>
          <spirit:parameter>
            <spirit:name>outputProductCRC</spirit:name>
            <spirit:value>9:df150307</spirit:value>
          </spirit:parameter>
        </spirit:parameters>
      </spirit:view>
      <spirit:view>
        <spirit:name>xilinx_synthesisconstraints</spirit:name>
        <spirit:displayName>Synthesis Constraints</spirit:displayName>
        <spirit:envIdentifier>:vivado.xilinx.com:synthesis.constraints</spirit:envIdentifier>
        <spirit:parameters>
          <spirit:parameter>
            <spirit:name>outputProductCRC</spirit:name>
            <spirit:value>9:df150307</spirit:value>
          </spirit:parameter>
        </spirit:parameters>
      </spirit:view>
      <spirit:view>
        <spirit:name>xilinx_vhdlsynthesiswrapper</spirit:name>
        <spirit:displayName>VHDL Synthesis Wrapper</spirit:displayName>
        <spirit:envIdentifier>vhdlSource:vivado.xilinx.com:synthesis.wrapper</spirit:envIdentifier>
        <spirit:language>vhdl</spirit:language>
        <spirit:modelName>design_1_videomemlab_master_0_0</spirit:modelName>
        <spirit:fileSetRef>
          <spirit:localName>xilinx_vhdlsynthesiswrapper_view_fileset</spirit:localName>
        </spirit:fileSetRef>
        <spirit:parameters>
          <spirit:parameter>
            <spirit:name>GENtimestamp</spirit:name>
            <spirit:value>Thu Apr 21 18:31:53 UTC 2022</spirit:value>
          </spirit:parameter>
          <spirit:parameter>
            <spirit:name>outputProductCRC</spirit:name>
            <spirit:value>9:df150307</spirit:value>
          </spirit:parameter>
        </spirit:parameters>
      </spirit:view>
      <spirit:view>
        <spirit:name>xilinx_vhdlbehavioralsimulation</spirit:name>
        <spirit:displayName>VHDL Simulation</spirit:displayName>
        <spirit:envIdentifier>vhdlSource:vivado.xilinx.com:simulation</spirit:envIdentifier>
        <spirit:language>vhdl</spirit:language>
        <spirit:modelName>videomemlab_master_v1_0</spirit:modelName>
        <spirit:fileSetRef>
          <spirit:localName>xilinx_vhdlbehavioralsimulation_view_fileset</spirit:localName>
        </spirit:fileSetRef>
        <spirit:parameters>
          <spirit:parameter>
            <spirit:name>GENtimestamp</spirit:name>
            <spirit:value>Thu Apr 21 18:31:53 UTC 2022</spirit:value>
          </spirit:parameter>
          <spirit:parameter>
            <spirit:name>outputProductCRC</spirit:name>
            <spirit:value>9:ae4af10b</spirit:value>
          </spirit:parameter>
        </spirit:parameters>
      </spirit:view>
      <spirit:view>
        <spirit:name>xilinx_vhdlsimulationwrapper</spirit:name>
        <spirit:displayName>VHDL Simulation Wrapper</spirit:displayName>
        <spirit:envIdentifier>vhdlSource:vivado.xilinx.com:simulation.wrapper</spirit:envIdentifier>
        <spirit:language>vhdl</spirit:language>
        <spirit:modelName>design_1_videomemlab_master_0_0</spirit:modelName>
        <spirit:fileSetRef>
          <spirit:localName>xilinx_vhdlsimulationwrapper_view_fileset</spirit:localName>
        </spirit:fileSetRef>
        <spirit:parameters>
          <spirit:parameter>
            <spirit:name>GENtimestamp</spirit:name>
            <spirit:value>Thu Apr 21 18:31:53 UTC 2022</spirit:value>
          </spirit:parameter>
          <spirit:parameter>
            <spirit:name>outputProductCRC</spirit:name>
            <spirit:value>9:ae4af10b</spirit:value>
          </spirit:parameter>
        </spirit:parameters>
      </spirit:view>
      <spirit:view>
        <spirit:name>xilinx_externalfiles</spirit:name>
        <spirit:displayName>External Files</spirit:displayName>
        <spirit:envIdentifier>:vivado.xilinx.com:external.files</spirit:envIdentifier>
        <spirit:fileSetRef>
          <spirit:localName>xilinx_externalfiles_view_fileset</spirit:localName>
        </spirit:fileSetRef>
        <spirit:parameters>
          <spirit:parameter>
            <spirit:name>GENtimestamp</spirit:name>
            <spirit:value>Thu Apr 21 18:32:46 UTC 2022</spirit:value>
          </spirit:parameter>
          <spirit:parameter>
            <spirit:name>outputProductCRC</spirit:name>
            <spirit:value>9:df150307</spirit:value>
          </spirit:parameter>
        </spirit:parameters>
      </spirit:view>
    </spirit:views>
    <spirit:ports>
      <spirit:port>
        <spirit:name>IRQ_I</spirit:name>
        <spirit:wire>
          <spirit:direction>in</spirit:direction>
          <spirit:wireTypeDefs>
            <spirit:wireTypeDef>
              <spirit:typeName>std_logic</spirit:typeName>
              <spirit:viewNameRef>xilinx_vhdlsynthesis</spirit:viewNameRef>
              <spirit:viewNameRef>xilinx_vhdlbehavioralsimulation</spirit:viewNameRef>
            </spirit:wireTypeDef>
          </spirit:wireTypeDefs>
        </spirit:wire>
      </spirit:port>
      <spirit:port>
        <spirit:name>m00_axi_awaddr</spirit:name>
        <spirit:wire>
          <spirit:direction>out</spirit:direction>
          <spirit:vector>
            <spirit:left spirit:format="long" spirit:resolve="dependent" spirit:dependency="(spirit:decode(id(&apos;MODELPARAM_VALUE.C_M00_AXI_ADDR_WIDTH&apos;)) - 1)">31</spirit:left>
            <spirit:right spirit:format="long">0</spirit:right>
          </spirit:vector>
          <spirit:wireTypeDefs>
            <spirit:wireTypeDef>
              <spirit:typeName>std_logic_vector</spirit:typeName>
              <spirit:viewNameRef>xilinx_vhdlsynthesis</spirit:viewNameRef>
              <spirit:viewNameRef>xilinx_vhdlbehavioralsimulation</spirit:viewNameRef>
            </spirit:wireTypeDef>
          </spirit:wireTypeDefs>
        </spirit:wire>
      </spirit:port>
      <spirit:port>
        <spirit:name>m00_axi_awprot</spirit:name>
        <spirit:wire>
          <spirit:direction>out</spirit:direction>
          <spirit:vector>
            <spirit:left spirit:format="long">2</spirit:left>
            <spirit:right spirit:format="long">0</spirit:right>
          </spirit:vector>
          <spirit:wireTypeDefs>
            <spirit:wireTypeDef>
              <spirit:typeName>std_logic_vector</spirit:typeName>
              <spirit:viewNameRef>xilinx_vhdlsynthesis</spirit:viewNameRef>
              <spirit:viewNameRef>xilinx_vhdlbehavioralsimulation</spirit:viewNameRef>
            </spirit:wireTypeDef>
          </spirit:wireTypeDefs>
        </spirit:wire>
      </spirit:port>
      <spirit:port>
        <spirit:name>m00_axi_awvalid</spirit:name>
        <spirit:wire>
          <spirit:direction>out</spirit:direction>
          <spirit:wireTypeDefs>
            <spirit:wireTypeDef>
              <spirit:typeName>std_logic</spirit:typeName>
              <spirit:viewNameRef>xilinx_vhdlsynthesis</spirit:viewNameRef>
              <spirit:viewNameRef>xilinx_vhdlbehavioralsimulation</spirit:viewNameRef>
            </spirit:wireTypeDef>
          </spirit:wireTypeDefs>
        </spirit:wire>
      </spirit:port>
      <spirit:port>
        <spirit:name>m00_axi_awready</spirit:name>
        <spirit:wire>
          <spirit:direction>in</spirit:direction>
          <spirit:wireTypeDefs>
            <spirit:wireTypeDef>
              <spirit:typeName>std_logic</spirit:typeName>
              <spirit:viewNameRef>xilinx_vhdlsynthesis</spirit:viewNameRef>
              <spirit:viewNameRef>xilinx_vhdlbehavioralsimulation</spirit:viewNameRef>
            </spirit:wireTypeDef>
          </spirit:wireTypeDefs>
        </spirit:wire>
      </spirit:port>
      <spirit:port>
        <spirit:name>m00_axi_wdata</spirit:name>
        <spirit:wire>
          <spirit:direction>out</spirit:direction>
          <spirit:vector>
            <spirit:left spirit:format="long" spirit:resolve="dependent" spirit:dependency="(spirit:decode(id(&apos;MODELPARAM_VALUE.C_M00_AXI_DATA_WIDTH&apos;)) - 1)">31</spirit:left>
            <spirit:right spirit:format="long">0</spirit:right>
          </spirit:vector>
          <spirit:wireTypeDefs>
            <spirit:wireTypeDef>
              <spirit:typeName>std_logic_vector</spirit:typeName>
              <spirit:viewNameRef>xilinx_vhdlsynthesis</spirit:viewNameRef>
              <spirit:viewNameRef>xilinx_vhdlbehavioralsimulation</spirit:viewNameRef>
            </spirit:wireTypeDef>
          </spirit:wireTypeDefs>
        </spirit:wire>
      </spirit:port>
      <spirit:port>
        <spirit:name>m00_axi_wstrb</spirit:name>
        <spirit:wire>
          <spirit:direction>out</spirit:direction>
          <spirit:vector>
            <spirit:left spirit:format="long" spirit:resolve="dependent" spirit:dependency="((spirit:decode(id(&apos;MODELPARAM_VALUE.C_M00_AXI_DATA_WIDTH&apos;)) / 8) - 1)">3</spirit:left>
            <spirit:right spirit:format="long">0</spirit:right>
          </spirit:vector>
          <spirit:wireTypeDefs>
            <spirit:wireTypeDef>
              <spirit:typeName>std_logic_vector</spirit:typeName>
              <spirit:viewNameRef>xilinx_vhdlsynthesis</spirit:viewNameRef>
              <spirit:viewNameRef>xilinx_vhdlbehavioralsimulation</spirit:viewNameRef>
            </spirit:wireTypeDef>
          </spirit:wireTypeDefs>
        </spirit:wire>
      </spirit:port>
      <spirit:port>
        <spirit:name>m00_axi_wvalid</spirit:name>
        <spirit:wire>
          <spirit:direction>out</spirit:direction>
          <spirit:wireTypeDefs>
            <spirit:wireTypeDef>
              <spirit:typeName>std_logic</spirit:typeName>
              <spirit:viewNameRef>xilinx_vhdlsynthesis</spirit:viewNameRef>
              <spirit:viewNameRef>xilinx_vhdlbehavioralsimulation</spirit:viewNameRef>
            </spirit:wireTypeDef>
          </spirit:wireTypeDefs>
        </spirit:wire>
      </spirit:port>
      <spirit:port>
        <spirit:name>m00_axi_wready</spirit:name>
        <spirit:wire>
          <spirit:direction>in</spirit:direction>
          <spirit:wireTypeDefs>
            <spirit:wireTypeDef>
              <spirit:typeName>std_logic</spirit:typeName>
              <spirit:viewNameRef>xilinx_vhdlsynthesis</spirit:viewNameRef>
              <spirit:viewNameRef>xilinx_vhdlbehavioralsimulation</spirit:viewNameRef>
            </spirit:wireTypeDef>
          </spirit:wireTypeDefs>
        </spirit:wire>
      </spirit:port>
      <spirit:port>
        <spirit:name>m00_axi_bresp</spirit:name>
        <spirit:wire>
          <spirit:direction>in</spirit:direction>
          <spirit:vector>
            <spirit:left spirit:format="long">1</spirit:left>
            <spirit:right spirit:format="long">0</spirit:right>
          </spirit:vector>
          <spirit:wireTypeDefs>
            <spirit:wireTypeDef>
              <spirit:typeName>std_logic_vector</spirit:typeName>
              <spirit:viewNameRef>xilinx_vhdlsynthesis</spirit:viewNameRef>
              <spirit:viewNameRef>xilinx_vhdlbehavioralsimulation</spirit:viewNameRef>
            </spirit:wireTypeDef>
          </spirit:wireTypeDefs>
        </spirit:wire>
      </spirit:port>
      <spirit:port>
        <spirit:name>m00_axi_bvalid</spirit:name>
        <spirit:wire>
          <spirit:direction>in</spirit:direction>
          <spirit:wireTypeDefs>
            <spirit:wireTypeDef>
              <spirit:typeName>std_logic</spirit:typeName>
              <spirit:viewNameRef>xilinx_vhdlsynthesis</spirit:viewNameRef>
              <spirit:viewNameRef>xilinx_vhdlbehavioralsimulation</spirit:viewNameRef>
            </spirit:wireTypeDef>
          </spirit:wireTypeDefs>
        </spirit:wire>
      </spirit:port>
      <spirit:port>
        <spirit:name>m00_axi_bready</spirit:name>
        <spirit:wire>
          <spirit:direction>out</spirit:direction>
          <spirit:wireTypeDefs>
            <spirit:wireTypeDef>
              <spirit:typeName>std_logic</spirit:typeName>
              <spirit:viewNameRef>xilinx_vhdlsynthesis</spirit:viewNameRef>
              <spirit:viewNameRef>xilinx_vhdlbehavioralsimulation</spirit:viewNameRef>
            </spirit:wireTypeDef>
          </spirit:wireTypeDefs>
        </spirit:wire>
      </spirit:port>
      <spirit:port>
        <spirit:name>m00_axi_araddr</spirit:name>
        <spirit:wire>
          <spirit:direction>out</spirit:direction>
          <spirit:vector>
            <spirit:left spirit:format="long" spirit:resolve="dependent" spirit:dependency="(spirit:decode(id(&apos;MODELPARAM_VALUE.C_M00_AXI_ADDR_WIDTH&apos;)) - 1)">31</spirit:left>
            <spirit:right spirit:format="long">0</spirit:right>
          </spirit:vector>
          <spirit:wireTypeDefs>
            <spirit:wireTypeDef>
              <spirit:typeName>std_logic_vector</spirit:typeName>
              <spirit:viewNameRef>xilinx_vhdlsynthesis</spirit:viewNameRef>
              <spirit:viewNameRef>xilinx_vhdlbehavioralsimulation</spirit:viewNameRef>
            </spirit:wireTypeDef>
          </spirit:wireTypeDefs>
        </spirit:wire>
      </spirit:port>
      <spirit:port>
        <spirit:name>m00_axi_arprot</spirit:name>
        <spirit:wire>
          <spirit:direction>out</spirit:direction>
          <spirit:vector>
            <spirit:left spirit:format="long">2</spirit:left>
            <spirit:right spirit:format="long">0</spirit:right>
          </spirit:vector>
          <spirit:wireTypeDefs>
            <spirit:wireTypeDef>
              <spirit:typeName>std_logic_vector</spirit:typeName>
              <spirit:viewNameRef>xilinx_vhdlsynthesis</spirit:viewNameRef>
              <spirit:viewNameRef>xilinx_vhdlbehavioralsimulation</spirit:viewNameRef>
            </spirit:wireTypeDef>
          </spirit:wireTypeDefs>
        </spirit:wire>
      </spirit:port>
      <spirit:port>
        <spirit:name>m00_axi_arvalid</spirit:name>
        <spirit:wire>
          <spirit:direction>out</spirit:direction>
          <spirit:wireTypeDefs>
            <spirit:wireTypeDef>
              <spirit:typeName>std_logic</spirit:typeName>
              <spirit:viewNameRef>xilinx_vhdlsynthesis</spirit:viewNameRef>
              <spirit:viewNameRef>xilinx_vhdlbehavioralsimulation</spirit:viewNameRef>
            </spirit:wireTypeDef>
          </spirit:wireTypeDefs>
        </spirit:wire>
      </spirit:port>
      <spirit:port>
        <spirit:name>m00_axi_arready</spirit:name>
        <spirit:wire>
          <spirit:direction>in</spirit:direction>
          <spirit:wireTypeDefs>
            <spirit:wireTypeDef>
              <spirit:typeName>std_logic</spirit:typeName>
              <spirit:viewNameRef>xilinx_vhdlsynthesis</spirit:viewNameRef>
              <spirit:viewNameRef>xilinx_vhdlbehavioralsimulation</spirit:viewNameRef>
            </spirit:wireTypeDef>
          </spirit:wireTypeDefs>
        </spirit:wire>
      </spirit:port>
      <spirit:port>
        <spirit:name>m00_axi_rdata</spirit:name>
        <spirit:wire>
          <spirit:direction>in</spirit:direction>
          <spirit:vector>
            <spirit:left spirit:format="long" spirit:resolve="dependent" spirit:dependency="(spirit:decode(id(&apos;MODELPARAM_VALUE.C_M00_AXI_DATA_WIDTH&apos;)) - 1)">31</spirit:left>
            <spirit:right spirit:format="long">0</spirit:right>
          </spirit:vector>
          <spirit:wireTypeDefs>
            <spirit:wireTypeDef>
              <spirit:typeName>std_logic_vector</spirit:typeName>
              <spirit:viewNameRef>xilinx_vhdlsynthesis</spirit:viewNameRef>
              <spirit:viewNameRef>xilinx_vhdlbehavioralsimulation</spirit:viewNameRef>
            </spirit:wireTypeDef>
          </spirit:wireTypeDefs>
        </spirit:wire>
      </spirit:port>
      <spirit:port>
        <spirit:name>m00_axi_rresp</spirit:name>
        <spirit:wire>
          <spirit:direction>in</spirit:direction>
          <spirit:vector>
            <spirit:left spirit:format="long">1</spirit:left>
            <spirit:right spirit:format="long">0</spirit:right>
          </spirit:vector>
          <spirit:wireTypeDefs>
            <spirit:wireTypeDef>
              <spirit:typeName>std_logic_vector</spirit:typeName>
              <spirit:viewNameRef>xilinx_vhdlsynthesis</spirit:viewNameRef>
              <spirit:viewNameRef>xilinx_vhdlbehavioralsimulation</spirit:viewNameRef>
            </spirit:wireTypeDef>
          </spirit:wireTypeDefs>
        </spirit:wire>
      </spirit:port>
      <spirit:port>
        <spirit:name>m00_axi_rvalid</spirit:name>
        <spirit:wire>
          <spirit:direction>in</spirit:direction>
          <spirit:wireTypeDefs>
            <spirit:wireTypeDef>
              <spirit:typeName>std_logic</spirit:typeName>
              <spirit:viewNameRef>xilinx_vhdlsynthesis</spirit:viewNameRef>
              <spirit:viewNameRef>xilinx_vhdlbehavioralsimulation</spirit:viewNameRef>
            </spirit:wireTypeDef>
          </spirit:wireTypeDefs>
        </spirit:wire>
      </spirit:port>
      <spirit:port>
        <spirit:name>m00_axi_rready</spirit:name>
        <spirit:wire>
          <spirit:direction>out</spirit:direction>
          <spirit:wireTypeDefs>
            <spirit:wireTypeDef>
              <spirit:typeName>std_logic</spirit:typeName>
              <spirit:viewNameRef>xilinx_vhdlsynthesis</spirit:viewNameRef>
              <spirit:viewNameRef>xilinx_vhdlbehavioralsimulation</spirit:viewNameRef>
            </spirit:wireTypeDef>
          </spirit:wireTypeDefs>
        </spirit:wire>
      </spirit:port>
      <spirit:port>
        <spirit:name>m00_axi_aclk</spirit:name>
        <spirit:wire>
          <spirit:direction>in</spirit:direction>
          <spirit:wireTypeDefs>
            <spirit:wireTypeDef>
              <spirit:typeName>std_logic</spirit:typeName>
              <spirit:viewNameRef>xilinx_vhdlsynthesis</spirit:viewNameRef>
              <spirit:viewNameRef>xilinx_vhdlbehavioralsimulation</spirit:viewNameRef>
            </spirit:wireTypeDef>
          </spirit:wireTypeDefs>
        </spirit:wire>
      </spirit:port>
      <spirit:port>
        <spirit:name>m00_axi_aresetn</spirit:name>
        <spirit:wire>
          <spirit:direction>in</spirit:direction>
          <spirit:wireTypeDefs>
            <spirit:wireTypeDef>
              <spirit:typeName>std_logic</spirit:typeName>
              <spirit:viewNameRef>xilinx_vhdlsynthesis</spirit:viewNameRef>
              <spirit:viewNameRef>xilinx_vhdlbehavioralsimulation</spirit:viewNameRef>
            </spirit:wireTypeDef>
          </spirit:wireTypeDefs>
        </spirit:wire>
      </spirit:port>
    </spirit:ports>
    <spirit:modelParameters>
      <spirit:modelParameter xsi:type="spirit:nameValueTypeType" spirit:dataType="std_logic_vector">
        <spirit:name>C_M00_AXI_START_DATA_VALUE</spirit:name>
        <spirit:displayName>C M00 AXI START DATA VALUE</spirit:displayName>
        <spirit:description>The master will start generating data from the C_M_START_DATA_VALUE value</spirit:description>
        <spirit:value spirit:format="bitString" spirit:resolve="generated" spirit:id="MODELPARAM_VALUE.C_M00_AXI_START_DATA_VALUE" spirit:order="3" spirit:bitStringLength="32">0xAA000000</spirit:value>
      </spirit:modelParameter>
      <spirit:modelParameter spirit:dataType="std_logic_vector">
        <spirit:name>C_M00_AXI_TARGET_SLAVE_BASE_ADDR</spirit:name>
        <spirit:displayName>C M00 AXI TARGET SLAVE BASE ADDR</spirit:displayName>
        <spirit:description>The master requires a target slave base address.
    -- The master will initiate read and write transactions on the slave with base address specified here as a parameter.</spirit:description>
        <spirit:value spirit:format="bitString" spirit:resolve="generated" spirit:id="MODELPARAM_VALUE.C_M00_AXI_TARGET_SLAVE_BASE_ADDR" spirit:order="4" spirit:bitStringLength="32">0x40000000</spirit:value>
      </spirit:modelParameter>
      <spirit:modelParameter spirit:dataType="integer">
        <spirit:name>C_M00_AXI_ADDR_WIDTH</spirit:name>
        <spirit:displayName>C M00 AXI ADDR WIDTH</spirit:displayName>
        <spirit:description>Width of M_AXI address bus. 
    -- The master generates the read and write addresses of width specified as C_M_AXI_ADDR_WIDTH.</spirit:description>
        <spirit:value spirit:format="long" spirit:resolve="generated" spirit:id="MODELPARAM_VALUE.C_M00_AXI_ADDR_WIDTH" spirit:order="5" spirit:rangeType="long">32</spirit:value>
      </spirit:modelParameter>
      <spirit:modelParameter spirit:dataType="integer">
        <spirit:name>C_M00_AXI_DATA_WIDTH</spirit:name>
        <spirit:displayName>C M00 AXI DATA WIDTH</spirit:displayName>
        <spirit:description>Width of M_AXI data bus. 
    -- The master issues write data and accept read data where the width of the data bus is C_M_AXI_DATA_WIDTH</spirit:description>
        <spirit:value spirit:format="long" spirit:resolve="generated" spirit:id="MODELPARAM_VALUE.C_M00_AXI_DATA_WIDTH" spirit:order="6" spirit:rangeType="long">32</spirit:value>
      </spirit:modelParameter>
      <spirit:modelParameter spirit:dataType="integer">
        <spirit:name>C_M00_AXI_TRANSACTIONS_NUM</spirit:name>
        <spirit:displayName>C M00 AXI TRANSACTIONS NUM</spirit:displayName>
        <spirit:description>Transaction number is the number of write 
    -- and read transactions the master will perform as a part of this example memory test.</spirit:description>
        <spirit:value spirit:format="long" spirit:resolve="generated" spirit:id="MODELPARAM_VALUE.C_M00_AXI_TRANSACTIONS_NUM" spirit:order="7" spirit:minimum="1" spirit:rangeType="long">4</spirit:value>
      </spirit:modelParameter>
    </spirit:modelParameters>
  </spirit:model>
  <spirit:choices>
    <spirit:choice>
      <spirit:name>choice_list_6fc15197</spirit:name>
      <spirit:enumeration>32</spirit:enumeration>
    </spirit:choice>
    <spirit:choice>
      <spirit:name>choice_list_9d8b0d81</spirit:name>
      <spirit:enumeration>ACTIVE_HIGH</spirit:enumeration>
      <spirit:enumeration>ACTIVE_LOW</spirit:enumeration>
    </spirit:choice>
    <spirit:choice>
      <spirit:name>choice_pairs_ce1226b1</spirit:name>
      <spirit:enumeration spirit:text="true">1</spirit:enumeration>
      <spirit:enumeration spirit:text="false">0</spirit:enumeration>
    </spirit:choice>
  </spirit:choices>
  <spirit:fileSets>
    <spirit:fileSet>
      <spirit:name>xilinx_vhdlsynthesis_view_fileset</spirit:name>
      <spirit:file>
        <spirit:name>../../ipshared/62e9/src/char8x12_lookup_table.vhd</spirit:name>
        <spirit:fileType>vhdlSource</spirit:fileType>
      </spirit:file>
      <spirit:file>
        <spirit:name>../../ipshared/62e9/src/scancode2ascii.vhd</spirit:name>
        <spirit:fileType>vhdlSource</spirit:fileType>
      </spirit:file>
      <spirit:file>
        <spirit:name>../../ipshared/62e9/hdl/videomemlab_master_v1_0_M00_AXI.vhd</spirit:name>
        <spirit:fileType>vhdlSource</spirit:fileType>
      </spirit:file>
      <spirit:file>
        <spirit:name>../../ipshared/62e9/hdl/videomemlab_master_v1_0.vhd</spirit:name>
        <spirit:fileType>vhdlSource</spirit:fileType>
      </spirit:file>
    </spirit:fileSet>
    <spirit:fileSet>
      <spirit:name>xilinx_vhdlsynthesiswrapper_view_fileset</spirit:name>
      <spirit:file>
        <spirit:name>synth/design_1_videomemlab_master_0_0.vhd</spirit:name>
        <spirit:fileType>vhdlSource</spirit:fileType>
        <spirit:logicalName>xil_defaultlib</spirit:logicalName>
      </spirit:file>
    </spirit:fileSet>
    <spirit:fileSet>
      <spirit:name>xilinx_vhdlbehavioralsimulation_view_fileset</spirit:name>
      <spirit:file>
        <spirit:name>../../ipshared/62e9/src/char8x12_lookup_table.vhd</spirit:name>
        <spirit:fileType>vhdlSource</spirit:fileType>
      </spirit:file>
      <spirit:file>
        <spirit:name>../../ipshared/62e9/src/scancode2ascii.vhd</spirit:name>
        <spirit:fileType>vhdlSource</spirit:fileType>
      </spirit:file>
      <spirit:file>
        <spirit:name>../../ipshared/62e9/hdl/videomemlab_master_v1_0_M00_AXI.vhd</spirit:name>
        <spirit:fileType>vhdlSource</spirit:fileType>
      </spirit:file>
      <spirit:file>
        <spirit:name>../../ipshared/62e9/hdl/videomemlab_master_v1_0.vhd</spirit:name>
        <spirit:fileType>vhdlSource</spirit:fileType>
      </spirit:file>
    </spirit:fileSet>
    <spirit:fileSet>
      <spirit:name>xilinx_vhdlsimulationwrapper_view_fileset</spirit:name>
      <spirit:file>
        <spirit:name>sim/design_1_videomemlab_master_0_0.vhd</spirit:name>
        <spirit:fileType>vhdlSource</spirit:fileType>
        <spirit:logicalName>xil_defaultlib</spirit:logicalName>
      </spirit:file>
    </spirit:fileSet>
    <spirit:fileSet>
      <spirit:name>xilinx_externalfiles_view_fileset</spirit:name>
      <spirit:file>
        <spirit:name>design_1_videomemlab_master_0_0.dcp</spirit:name>
        <spirit:userFileType>dcp</spirit:userFileType>
        <spirit:userFileType>USED_IN_implementation</spirit:userFileType>
        <spirit:userFileType>USED_IN_synthesis</spirit:userFileType>
        <spirit:logicalName>xil_defaultlib</spirit:logicalName>
      </spirit:file>
      <spirit:file>
        <spirit:name>design_1_videomemlab_master_0_0_stub.v</spirit:name>
        <spirit:fileType>verilogSource</spirit:fileType>
        <spirit:userFileType>USED_IN_synth_blackbox_stub</spirit:userFileType>
        <spirit:logicalName>xil_defaultlib</spirit:logicalName>
      </spirit:file>
      <spirit:file>
        <spirit:name>design_1_videomemlab_master_0_0_stub.vhdl</spirit:name>
        <spirit:fileType>vhdlSource</spirit:fileType>
        <spirit:userFileType>USED_IN_synth_blackbox_stub</spirit:userFileType>
        <spirit:logicalName>xil_defaultlib</spirit:logicalName>
      </spirit:file>
      <spirit:file>
        <spirit:name>design_1_videomemlab_master_0_0_sim_netlist.v</spirit:name>
        <spirit:fileType>verilogSource</spirit:fileType>
        <spirit:userFileType>USED_IN_simulation</spirit:userFileType>
        <spirit:userFileType>USED_IN_single_language</spirit:userFileType>
        <spirit:logicalName>xil_defaultlib</spirit:logicalName>
      </spirit:file>
      <spirit:file>
        <spirit:name>design_1_videomemlab_master_0_0_sim_netlist.vhdl</spirit:name>
        <spirit:fileType>vhdlSource</spirit:fileType>
        <spirit:userFileType>USED_IN_simulation</spirit:userFileType>
        <spirit:userFileType>USED_IN_single_language</spirit:userFileType>
        <spirit:logicalName>xil_defaultlib</spirit:logicalName>
      </spirit:file>
    </spirit:fileSet>
  </spirit:fileSets>
  <spirit:description>My new AXI IP</spirit:description>
  <spirit:parameters>
    <spirit:parameter>
      <spirit:name>C_M00_AXI_START_DATA_VALUE</spirit:name>
      <spirit:displayName>C M00 AXI START DATA VALUE</spirit:displayName>
      <spirit:description>The master will start generating data from the C_M_START_DATA_VALUE value</spirit:description>
      <spirit:value spirit:format="bitString" spirit:resolve="user" spirit:id="PARAM_VALUE.C_M00_AXI_START_DATA_VALUE" spirit:order="3" spirit:bitStringLength="32">0xAA000000</spirit:value>
    </spirit:parameter>
    <spirit:parameter>
      <spirit:name>C_M00_AXI_TARGET_SLAVE_BASE_ADDR</spirit:name>
      <spirit:displayName>C M00 AXI TARGET SLAVE BASE ADDR</spirit:displayName>
      <spirit:description>The master requires a target slave base address.
    -- The master will initiate read and write transactions on the slave with base address specified here as a parameter.</spirit:description>
      <spirit:value spirit:format="bitString" spirit:resolve="user" spirit:id="PARAM_VALUE.C_M00_AXI_TARGET_SLAVE_BASE_ADDR" spirit:order="4" spirit:bitStringLength="32">0x40000000</spirit:value>
    </spirit:parameter>
    <spirit:parameter>
      <spirit:name>C_M00_AXI_ADDR_WIDTH</spirit:name>
      <spirit:displayName>C M00 AXI ADDR WIDTH</spirit:displayName>
      <spirit:description>Width of M_AXI address bus. 
    -- The master generates the read and write addresses of width specified as C_M_AXI_ADDR_WIDTH.</spirit:description>
      <spirit:value spirit:format="long" spirit:resolve="user" spirit:id="PARAM_VALUE.C_M00_AXI_ADDR_WIDTH" spirit:order="5" spirit:rangeType="long">32</spirit:value>
      <spirit:vendorExtensions>
        <xilinx:parameterInfo>
          <xilinx:enablement>
            <xilinx:isEnabled xilinx:id="PARAM_ENABLEMENT.C_M00_AXI_ADDR_WIDTH">false</xilinx:isEnabled>
          </xilinx:enablement>
        </xilinx:parameterInfo>
      </spirit:vendorExtensions>
    </spirit:parameter>
    <spirit:parameter>
      <spirit:name>C_M00_AXI_DATA_WIDTH</spirit:name>
      <spirit:displayName>C M00 AXI DATA WIDTH</spirit:displayName>
      <spirit:description>Width of M_AXI data bus. 
    -- The master issues write data and accept read data where the width of the data bus is C_M_AXI_DATA_WIDTH</spirit:description>
      <spirit:value spirit:format="long" spirit:resolve="user" spirit:id="PARAM_VALUE.C_M00_AXI_DATA_WIDTH" spirit:choiceRef="choice_list_6fc15197" spirit:order="6">32</spirit:value>
      <spirit:vendorExtensions>
        <xilinx:parameterInfo>
          <xilinx:enablement>
            <xilinx:isEnabled xilinx:id="PARAM_ENABLEMENT.C_M00_AXI_DATA_WIDTH">false</xilinx:isEnabled>
          </xilinx:enablement>
        </xilinx:parameterInfo>
      </spirit:vendorExtensions>
    </spirit:parameter>
    <spirit:parameter>
      <spirit:name>C_M00_AXI_TRANSACTIONS_NUM</spirit:name>
      <spirit:displayName>C M00 AXI TRANSACTIONS NUM</spirit:displayName>
      <spirit:description>Transaction number is the number of write 
    -- and read transactions the master will perform as a part of this example memory test.</spirit:description>
      <spirit:value spirit:format="long" spirit:resolve="user" spirit:id="PARAM_VALUE.C_M00_AXI_TRANSACTIONS_NUM" spirit:order="7" spirit:minimum="1" spirit:rangeType="long">4</spirit:value>
    </spirit:parameter>
    <spirit:parameter>
      <spirit:name>Component_Name</spirit:name>
      <spirit:value spirit:resolve="user" spirit:id="PARAM_VALUE.Component_Name" spirit:order="1">design_1_videomemlab_master_0_0</spirit:value>
    </spirit:parameter>
  </spirit:parameters>
  <spirit:vendorExtensions>
    <xilinx:coreExtensions>
      <xilinx:displayName>videomemlab_master_v1.0</xilinx:displayName>
      <xilinx:coreRevision>11</xilinx:coreRevision>
      <xilinx:tags>
        <xilinx:tag xilinx:name="ui.data.coregen.dd@5007b6db_ARCHIVE_LOCATION">c:/Users/jones/Desktop/EE316-Lab6/ip_repo/videomemlab_master_1.0</xilinx:tag>
        <xilinx:tag xilinx:name="ui.data.coregen.dd@6abef3c1_ARCHIVE_LOCATION">c:/Users/jones/Desktop/EE316-Lab6/ip_repo/videomemlab_master_1.0</xilinx:tag>
        <xilinx:tag xilinx:name="ui.data.coregen.dd@56a92688_ARCHIVE_LOCATION">c:/Users/jones/Desktop/EE316-Lab6/ip_repo/videomemlab_master_1.0</xilinx:tag>
        <xilinx:tag xilinx:name="ui.data.coregen.dd@2b8a8e02_ARCHIVE_LOCATION">c:/Users/jones/Desktop/EE316-Lab6/ip_repo/videomemlab_master_1.0</xilinx:tag>
        <xilinx:tag xilinx:name="ui.data.coregen.dd@7a70cc80_ARCHIVE_LOCATION">c:/Users/jones/Desktop/EE316-Lab6/ip_repo/videomemlab_master_1.0</xilinx:tag>
        <xilinx:tag xilinx:name="ui.data.coregen.dd@1b357f5c_ARCHIVE_LOCATION">c:/Users/jones/Desktop/EE316-Lab6/ip_repo/videomemlab_master_1.0</xilinx:tag>
        <xilinx:tag xilinx:name="ui.data.coregen.dd@1416e9e_ARCHIVE_LOCATION">c:/Users/jones/Desktop/EE316-Lab6/ip_repo/videomemlab_master_1.0</xilinx:tag>
        <xilinx:tag xilinx:name="ui.data.coregen.dd@6a59e81d_ARCHIVE_LOCATION">c:/Users/jones/Desktop/EE316-Lab6/ip_repo/videomemlab_master_1.0</xilinx:tag>
        <xilinx:tag xilinx:name="ui.data.coregen.dd@7aa52d3b_ARCHIVE_LOCATION">c:/Users/jones/Desktop/EE316-Lab6/ip_repo/videomemlab_master_1.0</xilinx:tag>
        <xilinx:tag xilinx:name="ui.data.coregen.dd@16fb31f8_ARCHIVE_LOCATION">c:/Users/jones/Desktop/EE316-Lab6/ip_repo/videomemlab_master_1.0</xilinx:tag>
        <xilinx:tag xilinx:name="ui.data.coregen.dd@59bb5598_ARCHIVE_LOCATION">c:/Users/jones/Desktop/EE316-Lab6/ip_repo/videomemlab_master_1.0</xilinx:tag>
        <xilinx:tag xilinx:name="ui.data.coregen.dd@505b3bf6_ARCHIVE_LOCATION">c:/Users/jones/Desktop/EE316-Lab6/ip_repo/videomemlab_master_1.0</xilinx:tag>
        <xilinx:tag xilinx:name="ui.data.coregen.dd@6a0370c7_ARCHIVE_LOCATION">c:/Users/jones/Desktop/EE316-Lab6/ip_repo/videomemlab_master_1.0</xilinx:tag>
        <xilinx:tag xilinx:name="ui.data.coregen.dd@6f42f0ca_ARCHIVE_LOCATION">c:/Users/jones/Desktop/EE316-Lab6/ip_repo/videomemlab_master_1.0</xilinx:tag>
        <xilinx:tag xilinx:name="ui.data.coregen.dd@3a16cf8_ARCHIVE_LOCATION">c:/Users/jones/Desktop/EE316-Lab6/ip_repo/videomemlab_master_1.0</xilinx:tag>
        <xilinx:tag xilinx:name="ui.data.coregen.dd@6c16152d_ARCHIVE_LOCATION">c:/Users/jones/Desktop/EE316-Lab6/ip_repo/videomemlab_master_1.0</xilinx:tag>
        <xilinx:tag xilinx:name="ui.data.coregen.dd@618f001c_ARCHIVE_LOCATION">c:/Users/jones/Desktop/EE316-Lab6/ip_repo/videomemlab_master_1.0</xilinx:tag>
        <xilinx:tag xilinx:name="ui.data.coregen.dd@4945dec6_ARCHIVE_LOCATION">c:/Users/jones/Desktop/EE316-Lab6/ip_repo/videomemlab_master_1.0</xilinx:tag>
        <xilinx:tag xilinx:name="ui.data.coregen.dd@33061325_ARCHIVE_LOCATION">c:/Users/jones/Desktop/EE316-Lab6/ip_repo/videomemlab_master_1.0</xilinx:tag>
        <xilinx:tag xilinx:name="ui.data.coregen.dd@3bfa3be4_ARCHIVE_LOCATION">c:/Users/jones/Desktop/EE316-Lab6/ip_repo/videomemlab_master_1.0</xilinx:tag>
        <xilinx:tag xilinx:name="ui.data.coregen.dd@638f4cd0_ARCHIVE_LOCATION">c:/Users/jones/Desktop/EE316-Lab6/ip_repo/videomemlab_master_1.0</xilinx:tag>
        <xilinx:tag xilinx:name="ui.data.coregen.dd@1979c3cd_ARCHIVE_LOCATION">c:/Users/jones/Desktop/EE316-Lab6/ip_repo/videomemlab_master_1.0</xilinx:tag>
        <xilinx:tag xilinx:name="ui.data.coregen.dd@5effc4b1_ARCHIVE_LOCATION">c:/Users/jones/Desktop/EE316-Lab6/ip_repo/videomemlab_master_1.0</xilinx:tag>
        <xilinx:tag xilinx:name="ui.data.coregen.dd@2dee44f6_ARCHIVE_LOCATION">c:/Users/jones/Desktop/EE316-Lab6/ip_repo/videomemlab_master_1.0</xilinx:tag>
        <xilinx:tag xilinx:name="ui.data.coregen.dd@8192ca_ARCHIVE_LOCATION">c:/Users/jones/Desktop/EE316-Lab6/ip_repo/videomemlab_master_1.0</xilinx:tag>
        <xilinx:tag xilinx:name="ui.data.coregen.dd@1a87ca06_ARCHIVE_LOCATION">c:/Users/jones/Desktop/EE316-Lab6/ip_repo/videomemlab_master_1.0</xilinx:tag>
        <xilinx:tag xilinx:name="ui.data.coregen.dd@121c37ba_ARCHIVE_LOCATION">c:/Users/jones/Desktop/EE316-Lab6/ip_repo/videomemlab_master_1.0</xilinx:tag>
        <xilinx:tag xilinx:name="ui.data.coregen.dd@51ab6929_ARCHIVE_LOCATION">c:/Users/jones/Desktop/EE316-Lab6/ip_repo/videomemlab_master_1.0</xilinx:tag>
        <xilinx:tag xilinx:name="ui.data.coregen.dd@5af2629e_ARCHIVE_LOCATION">c:/Users/jones/Desktop/EE316-Lab6/ip_repo/videomemlab_master_1.0</xilinx:tag>
        <xilinx:tag xilinx:name="ui.data.coregen.dd@7ca513d9_ARCHIVE_LOCATION">c:/Users/jones/Desktop/EE316-Lab6/ip_repo/videomemlab_master_1.0</xilinx:tag>
        <xilinx:tag xilinx:name="ui.data.coregen.dd@1d902015_ARCHIVE_LOCATION">c:/Users/jones/Desktop/EE316-Lab6/ip_repo/videomemlab_master_1.0</xilinx:tag>
        <xilinx:tag xilinx:name="ui.data.coregen.dd@673da5ab_ARCHIVE_LOCATION">c:/Users/jones/Desktop/EE316-Lab6/ip_repo/videomemlab_master_1.0</xilinx:tag>
        <xilinx:tag xilinx:name="ui.data.coregen.dd@44f4f1dc_ARCHIVE_LOCATION">c:/Users/jones/Desktop/EE316-Lab6/ip_repo/videomemlab_master_1.0</xilinx:tag>
        <xilinx:tag xilinx:name="ui.data.coregen.dd@74764ca6_ARCHIVE_LOCATION">c:/Users/jones/Desktop/EE316-Lab6/ip_repo/videomemlab_master_1.0</xilinx:tag>
        <xilinx:tag xilinx:name="ui.data.coregen.dd@2c82385c_ARCHIVE_LOCATION">c:/Users/jones/Desktop/EE316-Lab6/ip_repo/videomemlab_master_1.0</xilinx:tag>
        <xilinx:tag xilinx:name="ui.data.coregen.dd@4baa04e4_ARCHIVE_LOCATION">c:/Users/jones/Desktop/EE316-Lab6/ip_repo/videomemlab_master_1.0</xilinx:tag>
        <xilinx:tag xilinx:name="ui.data.coregen.dd@2011d087_ARCHIVE_LOCATION">c:/Users/jones/Desktop/EE316-Lab6/ip_repo/videomemlab_master_1.0</xilinx:tag>
        <xilinx:tag xilinx:name="ui.data.coregen.dd@1af4662a_ARCHIVE_LOCATION">c:/Users/jones/Desktop/EE316-Lab6/ip_repo/videomemlab_master_1.0</xilinx:tag>
        <xilinx:tag xilinx:name="ui.data.coregen.dd@135b06a6_ARCHIVE_LOCATION">c:/Users/jones/Desktop/EE316-Lab6/ip_repo/videomemlab_master_1.0</xilinx:tag>
        <xilinx:tag xilinx:name="ui.data.coregen.dd@722ba5cb_ARCHIVE_LOCATION">c:/Users/jones/Desktop/EE316-Lab6/ip_repo/videomemlab_master_1.0</xilinx:tag>
        <xilinx:tag xilinx:name="ui.data.coregen.dd@5aa70c7d_ARCHIVE_LOCATION">c:/Users/jones/Desktop/EE316-Lab6/ip_repo/videomemlab_master_1.0</xilinx:tag>
        <xilinx:tag xilinx:name="ui.data.coregen.dd@367080b5_ARCHIVE_LOCATION">c:/Users/jones/Desktop/EE316-Lab6/ip_repo/videomemlab_master_1.0</xilinx:tag>
        <xilinx:tag xilinx:name="ui.data.coregen.dd@72051e24_ARCHIVE_LOCATION">c:/Users/jones/Desktop/EE316-Lab6/ip_repo/videomemlab_master_1.0</xilinx:tag>
        <xilinx:tag xilinx:name="ui.data.coregen.dd@34d29b5_ARCHIVE_LOCATION">c:/Users/jones/Desktop/EE316-Lab6/ip_repo/videomemlab_master_1.0</xilinx:tag>
        <xilinx:tag xilinx:name="ui.data.coregen.dd@68801671_ARCHIVE_LOCATION">c:/Users/jones/Desktop/EE316-Lab6/ip_repo/videomemlab_master_1.0</xilinx:tag>
        <xilinx:tag xilinx:name="ui.data.coregen.dd@1c1cfd78_ARCHIVE_LOCATION">c:/Users/jones/Desktop/EE316-Lab6/ip_repo/videomemlab_master_1.0</xilinx:tag>
        <xilinx:tag xilinx:name="ui.data.coregen.dd@bf556aa_ARCHIVE_LOCATION">c:/Users/jones/Desktop/EE316-Lab6/ip_repo/videomemlab_master_1.0</xilinx:tag>
        <xilinx:tag xilinx:name="ui.data.coregen.dd@310244f_ARCHIVE_LOCATION">c:/Users/jones/Desktop/EE316-Lab6/ip_repo/videomemlab_master_1.0</xilinx:tag>
        <xilinx:tag xilinx:name="ui.data.coregen.dd@516c79ac_ARCHIVE_LOCATION">c:/Users/jones/Desktop/EE316-Lab6/ip_repo/videomemlab_master_1.0</xilinx:tag>
        <xilinx:tag xilinx:name="ui.data.coregen.dd@7722c8a2_ARCHIVE_LOCATION">c:/Users/jones/Desktop/EE316-Lab6/ip_repo/videomemlab_master_1.0</xilinx:tag>
        <xilinx:tag xilinx:name="ui.data.coregen.dd@7f68f676_ARCHIVE_LOCATION">c:/Users/jones/Desktop/EE316-Lab6/ip_repo/videomemlab_master_1.0</xilinx:tag>
        <xilinx:tag xilinx:name="ui.data.coregen.dd@7a7b5ce9_ARCHIVE_LOCATION">c:/Users/jones/Desktop/EE316-Lab6/ip_repo/videomemlab_master_1.0</xilinx:tag>
        <xilinx:tag xilinx:name="ui.data.coregen.dd@4adb4fa0_ARCHIVE_LOCATION">c:/Users/jones/Desktop/EE316-Lab6/ip_repo/videomemlab_master_1.0</xilinx:tag>
        <xilinx:tag xilinx:name="ui.data.coregen.dd@59ee4b82_ARCHIVE_LOCATION">c:/Users/jones/Desktop/EE316-Lab6/ip_repo/videomemlab_master_1.0</xilinx:tag>
        <xilinx:tag xilinx:name="ui.data.coregen.dd@4d08c22_ARCHIVE_LOCATION">c:/Users/jones/Desktop/EE316-Lab6/ip_repo/videomemlab_master_1.0</xilinx:tag>
        <xilinx:tag xilinx:name="ui.data.coregen.dd@6007f63f_ARCHIVE_LOCATION">c:/Users/jones/Desktop/EE316-Lab6/ip_repo/videomemlab_master_1.0</xilinx:tag>
        <xilinx:tag xilinx:name="ui.data.coregen.dd@7a2408f8_ARCHIVE_LOCATION">c:/Users/jones/Desktop/EE316-Lab6/ip_repo/videomemlab_master_1.0</xilinx:tag>
        <xilinx:tag xilinx:name="ui.data.coregen.dd@3c9797e_ARCHIVE_LOCATION">c:/Users/jones/Desktop/EE316-Lab6/ip_repo/videomemlab_master_1.0</xilinx:tag>
        <xilinx:tag xilinx:name="ui.data.coregen.dd@7e0dc35b_ARCHIVE_LOCATION">c:/Users/jones/Desktop/EE316-Lab6/ip_repo/videomemlab_master_1.0</xilinx:tag>
        <xilinx:tag xilinx:name="ui.data.coregen.dd@6037a16b_ARCHIVE_LOCATION">c:/Users/jones/Desktop/EE316-Lab6/ip_repo/videomemlab_master_1.0</xilinx:tag>
        <xilinx:tag xilinx:name="ui.data.coregen.dd@79106f53_ARCHIVE_LOCATION">c:/Users/jones/Desktop/EE316-Lab6/ip_repo/videomemlab_master_1.0</xilinx:tag>
        <xilinx:tag xilinx:name="ui.data.coregen.dd@4355ad33_ARCHIVE_LOCATION">c:/Users/jones/Desktop/EE316-Lab6/ip_repo/videomemlab_master_1.0</xilinx:tag>
        <xilinx:tag xilinx:name="ui.data.coregen.dd@5688321e_ARCHIVE_LOCATION">c:/Users/jones/Desktop/EE316-Lab6/ip_repo/videomemlab_master_1.0</xilinx:tag>
        <xilinx:tag xilinx:name="ui.data.coregen.dd@199c87b4_ARCHIVE_LOCATION">c:/Users/jones/Desktop/EE316-Lab6/ip_repo/videomemlab_master_1.0</xilinx:tag>
        <xilinx:tag xilinx:name="ui.data.coregen.dd@46659868_ARCHIVE_LOCATION">c:/Users/jones/Desktop/EE316-Lab6/ip_repo/videomemlab_master_1.0</xilinx:tag>
        <xilinx:tag xilinx:name="ui.data.coregen.dd@41da9530_ARCHIVE_LOCATION">c:/Users/jones/Desktop/EE316-Lab6/ip_repo/videomemlab_master_1.0</xilinx:tag>
        <xilinx:tag xilinx:name="ui.data.coregen.dd@4349fd96_ARCHIVE_LOCATION">c:/Users/jones/Desktop/EE316-Lab6/ip_repo/videomemlab_master_1.0</xilinx:tag>
        <xilinx:tag xilinx:name="ui.data.coregen.dd@61bdb5cd_ARCHIVE_LOCATION">c:/Users/jones/Desktop/EE316-Lab6/ip_repo/videomemlab_master_1.0</xilinx:tag>
        <xilinx:tag xilinx:name="ui.data.coregen.dd@42c3ea13_ARCHIVE_LOCATION">c:/Users/jones/Desktop/EE316-Lab6/ip_repo/videomemlab_master_1.0</xilinx:tag>
        <xilinx:tag xilinx:name="ui.data.coregen.dd@461b12e4_ARCHIVE_LOCATION">c:/Users/jones/Desktop/EE316-Lab6/ip_repo/videomemlab_master_1.0</xilinx:tag>
        <xilinx:tag xilinx:name="ui.data.coregen.dd@546cab60_ARCHIVE_LOCATION">c:/Users/jones/Desktop/EE316-Lab6/ip_repo/videomemlab_master_1.0</xilinx:tag>
        <xilinx:tag xilinx:name="ui.data.coregen.dd@3b21de16_ARCHIVE_LOCATION">c:/Users/jones/Desktop/EE316-Lab6/ip_repo/videomemlab_master_1.0</xilinx:tag>
        <xilinx:tag xilinx:name="ui.data.coregen.dd@7e196a7b_ARCHIVE_LOCATION">c:/Users/jones/Desktop/EE316-Lab6/ip_repo/videomemlab_master_1.0</xilinx:tag>
        <xilinx:tag xilinx:name="ui.data.coregen.dd@77c950ff_ARCHIVE_LOCATION">c:/Users/jones/Desktop/EE316-Lab6/ip_repo/videomemlab_master_1.0</xilinx:tag>
        <xilinx:tag xilinx:name="ui.data.coregen.dd@34478b3e_ARCHIVE_LOCATION">c:/Users/jones/Desktop/EE316-Lab6/ip_repo/videomemlab_master_1.0</xilinx:tag>
        <xilinx:tag xilinx:name="ui.data.coregen.dd@1c8079a9_ARCHIVE_LOCATION">c:/Users/jones/Desktop/EE316-Lab6/ip_repo/videomemlab_master_1.0</xilinx:tag>
        <xilinx:tag xilinx:name="ui.data.coregen.dd@5a7530a3_ARCHIVE_LOCATION">c:/Users/jones/Desktop/EE316-Lab6/ip_repo/videomemlab_master_1.0</xilinx:tag>
        <xilinx:tag xilinx:name="ui.data.coregen.dd@553eb61e_ARCHIVE_LOCATION">c:/Users/jones/Desktop/EE316-Lab6/ip_repo/videomemlab_master_1.0</xilinx:tag>
        <xilinx:tag xilinx:name="ui.data.coregen.dd@41ff979b_ARCHIVE_LOCATION">c:/Users/jones/Desktop/EE316-Lab6/ip_repo/videomemlab_master_1.0</xilinx:tag>
        <xilinx:tag xilinx:name="ui.data.coregen.dd@59934ef2_ARCHIVE_LOCATION">c:/Users/jones/Desktop/EE316-Lab6/ip_repo/videomemlab_master_1.0</xilinx:tag>
        <xilinx:tag xilinx:name="ui.data.coregen.dd@547f284d_ARCHIVE_LOCATION">c:/Users/jones/Desktop/EE316-Lab6/ip_repo/videomemlab_master_1.0</xilinx:tag>
        <xilinx:tag xilinx:name="ui.data.coregen.dd@53a07e84_ARCHIVE_LOCATION">c:/Users/jones/Desktop/EE316-Lab6/ip_repo/videomemlab_master_1.0</xilinx:tag>
        <xilinx:tag xilinx:name="ui.data.coregen.dd@5e5f7dd9_ARCHIVE_LOCATION">c:/Users/jones/Desktop/EE316-Lab6/ip_repo/videomemlab_master_1.0</xilinx:tag>
        <xilinx:tag xilinx:name="ui.data.coregen.dd@1bccb757_ARCHIVE_LOCATION">c:/Users/jones/Desktop/EE316-Lab6/ip_repo/videomemlab_master_1.0</xilinx:tag>
        <xilinx:tag xilinx:name="ui.data.coregen.dd@5201ee90_ARCHIVE_LOCATION">c:/Users/jones/Desktop/EE316-Lab6/ip_repo/videomemlab_master_1.0</xilinx:tag>
        <xilinx:tag xilinx:name="ui.data.coregen.dd@1a1e2bdf_ARCHIVE_LOCATION">c:/Users/jones/Desktop/EE316-Lab6/ip_repo/videomemlab_master_1.0</xilinx:tag>
        <xilinx:tag xilinx:name="ui.data.coregen.dd@1555763a_ARCHIVE_LOCATION">c:/Users/jones/Desktop/EE316-Lab6/ip_repo/videomemlab_master_1.0</xilinx:tag>
        <xilinx:tag xilinx:name="ui.data.coregen.dd@758d9833_ARCHIVE_LOCATION">c:/Users/jones/Desktop/EE316-Lab6/ip_repo/videomemlab_master_1.0</xilinx:tag>
        <xilinx:tag xilinx:name="ui.data.coregen.dd@2aabe591_ARCHIVE_LOCATION">c:/Users/jones/Desktop/EE316-Lab6/ip_repo/videomemlab_master_1.0</xilinx:tag>
        <xilinx:tag xilinx:name="ui.data.coregen.dd@770d236_ARCHIVE_LOCATION">c:/Users/jones/Desktop/EE316-Lab6/ip_repo/videomemlab_master_1.0</xilinx:tag>
        <xilinx:tag xilinx:name="ui.data.coregen.dd@4b0d9ffb_ARCHIVE_LOCATION">c:/Users/jones/Desktop/EE316-Lab6/ip_repo/videomemlab_master_1.0</xilinx:tag>
        <xilinx:tag xilinx:name="ui.data.coregen.dd@36201353_ARCHIVE_LOCATION">c:/Users/jones/Desktop/EE316-Lab6/ip_repo/videomemlab_master_1.0</xilinx:tag>
        <xilinx:tag xilinx:name="ui.data.coregen.dd@5d836f7b_ARCHIVE_LOCATION">c:/Users/jones/Desktop/EE316-Lab6/ip_repo/videomemlab_master_1.0</xilinx:tag>
        <xilinx:tag xilinx:name="ui.data.coregen.dd@4f99113c_ARCHIVE_LOCATION">c:/Users/jones/Desktop/EE316-Lab6/ip_repo/videomemlab_master_1.0</xilinx:tag>
        <xilinx:tag xilinx:name="ui.data.coregen.dd@ae682f1_ARCHIVE_LOCATION">c:/Users/jones/Desktop/EE316-Lab6/ip_repo/videomemlab_master_1.0</xilinx:tag>
        <xilinx:tag xilinx:name="ui.data.coregen.dd@5423eac7_ARCHIVE_LOCATION">c:/Users/jones/Desktop/EE316-Lab6/ip_repo/videomemlab_master_1.0</xilinx:tag>
        <xilinx:tag xilinx:name="ui.data.coregen.dd@3f29beab_ARCHIVE_LOCATION">c:/Users/jones/Desktop/EE316-Lab6/ip_repo/videomemlab_master_1.0</xilinx:tag>
        <xilinx:tag xilinx:name="ui.data.coregen.dd@6e276ff1_ARCHIVE_LOCATION">c:/Users/jones/Desktop/EE316-Lab6/ip_repo/videomemlab_master_1.0</xilinx:tag>
        <xilinx:tag xilinx:name="ui.data.coregen.dd@61cd3f96_ARCHIVE_LOCATION">c:/Users/jones/Desktop/EE316-Lab6/ip_repo/videomemlab_master_1.0</xilinx:tag>
        <xilinx:tag xilinx:name="ui.data.coregen.dd@3ea17e92_ARCHIVE_LOCATION">c:/Users/jones/Desktop/EE316-Lab6/ip_repo/videomemlab_master_1.0</xilinx:tag>
        <xilinx:tag xilinx:name="ui.data.coregen.dd@7977102d_ARCHIVE_LOCATION">c:/Users/jones/Desktop/EE316-Lab6/ip_repo/videomemlab_master_1.0</xilinx:tag>
        <xilinx:tag xilinx:name="ui.data.coregen.dd@5934484c_ARCHIVE_LOCATION">c:/Users/jones/Desktop/EE316-Lab6/ip_repo/videomemlab_master_1.0</xilinx:tag>
        <xilinx:tag xilinx:name="ui.data.coregen.dd@64a06ad4_ARCHIVE_LOCATION">c:/Users/jones/Desktop/EE316-Lab6/ip_repo/videomemlab_master_1.0</xilinx:tag>
        <xilinx:tag xilinx:name="ui.data.coregen.dd@7e11ae6b_ARCHIVE_LOCATION">c:/Users/jones/Desktop/EE316-Lab6/ip_repo/videomemlab_master_1.0</xilinx:tag>
        <xilinx:tag xilinx:name="ui.data.coregen.dd@44b04dca_ARCHIVE_LOCATION">c:/Users/jones/Desktop/EE316-Lab6/ip_repo/videomemlab_master_1.0</xilinx:tag>
        <xilinx:tag xilinx:name="ui.data.coregen.dd@12884ad6_ARCHIVE_LOCATION">c:/Users/jones/Desktop/EE316-Lab6/ip_repo/videomemlab_master_1.0</xilinx:tag>
        <xilinx:tag xilinx:name="ui.data.coregen.dd@4e571cab_ARCHIVE_LOCATION">c:/Users/jones/Desktop/EE316-Lab6/ip_repo/videomemlab_master_1.0</xilinx:tag>
        <xilinx:tag xilinx:name="ui.data.coregen.dd@6bdaacb8_ARCHIVE_LOCATION">c:/Users/jones/Desktop/EE316-Lab6/ip_repo/videomemlab_master_1.0</xilinx:tag>
        <xilinx:tag xilinx:name="ui.data.coregen.dd@4f81863d_ARCHIVE_LOCATION">c:/Users/jones/Desktop/EE316-Lab6/ip_repo/videomemlab_master_1.0</xilinx:tag>
        <xilinx:tag xilinx:name="ui.data.coregen.dd@24cf8f03_ARCHIVE_LOCATION">c:/Users/jones/Desktop/EE316-Lab6/ip_repo/videomemlab_master_1.0</xilinx:tag>
        <xilinx:tag xilinx:name="ui.data.coregen.dd@7182f105_ARCHIVE_LOCATION">c:/Users/jones/Desktop/EE316-Lab6/ip_repo/videomemlab_master_1.0</xilinx:tag>
        <xilinx:tag xilinx:name="ui.data.coregen.dd@46349fa6_ARCHIVE_LOCATION">c:/Users/jones/Desktop/EE316-Lab6/ip_repo/videomemlab_master_1.0</xilinx:tag>
        <xilinx:tag xilinx:name="ui.data.coregen.dd@28a8327d_ARCHIVE_LOCATION">c:/Users/jones/Desktop/EE316-Lab6/ip_repo/videomemlab_master_1.0</xilinx:tag>
        <xilinx:tag xilinx:name="ui.data.coregen.dd@2c894e02_ARCHIVE_LOCATION">c:/Users/jones/Desktop/EE316-Lab6/ip_repo/videomemlab_master_1.0</xilinx:tag>
        <xilinx:tag xilinx:name="ui.data.coregen.dd@1f22e7a5_ARCHIVE_LOCATION">c:/Users/jones/Desktop/EE316-Lab6/ip_repo/videomemlab_master_1.0</xilinx:tag>
        <xilinx:tag xilinx:name="ui.data.coregen.dd@6c51635a_ARCHIVE_LOCATION">c:/Users/jones/Desktop/EE316-Lab6/ip_repo/videomemlab_master_1.0</xilinx:tag>
        <xilinx:tag xilinx:name="ui.data.coregen.dd@24e55f25_ARCHIVE_LOCATION">c:/Users/jones/Desktop/EE316-Lab6/ip_repo/videomemlab_master_1.0</xilinx:tag>
        <xilinx:tag xilinx:name="ui.data.coregen.dd@5a83b1a0_ARCHIVE_LOCATION">c:/Users/jones/Desktop/EE316-Lab6/ip_repo/videomemlab_master_1.0</xilinx:tag>
        <xilinx:tag xilinx:name="ui.data.coregen.dd@70cc68c7_ARCHIVE_LOCATION">c:/Users/jones/Desktop/EE316-Lab6/ip_repo/videomemlab_master_1.0</xilinx:tag>
        <xilinx:tag xilinx:name="ui.data.coregen.dd@2b7fa101_ARCHIVE_LOCATION">c:/Users/jones/Desktop/EE316-Lab6/ip_repo/videomemlab_master_1.0</xilinx:tag>
        <xilinx:tag xilinx:name="ui.data.coregen.dd@7905da5b_ARCHIVE_LOCATION">c:/Users/jones/Desktop/EE316-Lab6/ip_repo/videomemlab_master_1.0</xilinx:tag>
        <xilinx:tag xilinx:name="ui.data.coregen.dd@36bca33a_ARCHIVE_LOCATION">c:/Users/jones/Desktop/EE316-Lab6/ip_repo/videomemlab_master_1.0</xilinx:tag>
        <xilinx:tag xilinx:name="ui.data.coregen.dd@4bb26b70_ARCHIVE_LOCATION">c:/Users/jones/Desktop/EE316-Lab6/ip_repo/videomemlab_master_1.0</xilinx:tag>
        <xilinx:tag xilinx:name="ui.data.coregen.dd@5544669e_ARCHIVE_LOCATION">c:/Users/jones/Desktop/EE316-Lab6/ip_repo/videomemlab_master_1.0</xilinx:tag>
        <xilinx:tag xilinx:name="ui.data.coregen.dd@3480ac51_ARCHIVE_LOCATION">c:/Users/jones/Desktop/EE316-Lab6/ip_repo/videomemlab_master_1.0</xilinx:tag>
        <xilinx:tag xilinx:name="ui.data.coregen.dd@2a851e18_ARCHIVE_LOCATION">c:/Users/jones/Desktop/EE316-Lab6/ip_repo/videomemlab_master_1.0</xilinx:tag>
        <xilinx:tag xilinx:name="ui.data.coregen.dd@32785ff5_ARCHIVE_LOCATION">c:/Users/jones/Desktop/EE316-Lab6/ip_repo/videomemlab_master_1.0</xilinx:tag>
        <xilinx:tag xilinx:name="ui.data.coregen.dd@2e28a8b4_ARCHIVE_LOCATION">c:/Users/jones/Desktop/EE316-Lab6/ip_repo/videomemlab_master_1.0</xilinx:tag>
        <xilinx:tag xilinx:name="ui.data.coregen.dd@54e06c9f_ARCHIVE_LOCATION">c:/Users/jones/Desktop/EE316-Lab6/ip_repo/videomemlab_master_1.0</xilinx:tag>
        <xilinx:tag xilinx:name="ui.data.coregen.dd@4949e116_ARCHIVE_LOCATION">c:/Users/jones/Desktop/EE316-Lab6/ip_repo/videomemlab_master_1.0</xilinx:tag>
        <xilinx:tag xilinx:name="ui.data.coregen.dd@4dbf23d6_ARCHIVE_LOCATION">c:/Users/jones/Desktop/EE316-Lab6/ip_repo/videomemlab_master_1.0</xilinx:tag>
        <xilinx:tag xilinx:name="ui.data.coregen.dd@7c4d5ac4_ARCHIVE_LOCATION">c:/Users/jones/Desktop/EE316-Lab6/ip_repo/videomemlab_master_1.0</xilinx:tag>
        <xilinx:tag xilinx:name="ui.data.coregen.dd@7443a88e_ARCHIVE_LOCATION">c:/Users/jones/Desktop/EE316-Lab6/ip_repo/videomemlab_master_1.0</xilinx:tag>
        <xilinx:tag xilinx:name="ui.data.coregen.dd@1005f011_ARCHIVE_LOCATION">c:/Users/jones/Desktop/EE316-Lab6/ip_repo/videomemlab_master_1.0</xilinx:tag>
        <xilinx:tag xilinx:name="ui.data.coregen.dd@e29031b_ARCHIVE_LOCATION">c:/Users/jones/Desktop/EE316-Lab6/ip_repo/videomemlab_master_1.0</xilinx:tag>
        <xilinx:tag xilinx:name="ui.data.coregen.dd@21f2324a_ARCHIVE_LOCATION">c:/Users/jones/Desktop/EE316-Lab6/ip_repo/videomemlab_master_1.0</xilinx:tag>
        <xilinx:tag xilinx:name="ui.data.coregen.dd@5af88c9a_ARCHIVE_LOCATION">c:/Users/jones/Desktop/EE316-Lab6/ip_repo/videomemlab_master_1.0</xilinx:tag>
        <xilinx:tag xilinx:name="ui.data.coregen.dd@11fc9520_ARCHIVE_LOCATION">c:/Users/jones/Desktop/EE316-Lab6/ip_repo/videomemlab_master_1.0</xilinx:tag>
        <xilinx:tag xilinx:name="ui.data.coregen.dd@705fbc0a_ARCHIVE_LOCATION">c:/Users/jones/Desktop/EE316-Lab6/ip_repo/videomemlab_master_1.0</xilinx:tag>
        <xilinx:tag xilinx:name="ui.data.coregen.dd@5152486d_ARCHIVE_LOCATION">c:/Users/jones/Desktop/EE316-Lab6/ip_repo/videomemlab_master_1.0</xilinx:tag>
      </xilinx:tags>
      <xilinx:configElementInfos>
        <xilinx:configElementInfo xilinx:referenceId="BUSIFPARAM_VALUE.M00_AXI.ADDR_WIDTH" xilinx:valueSource="auto" xilinx:valuePermission="bd"/>
        <xilinx:configElementInfo xilinx:referenceId="BUSIFPARAM_VALUE.M00_AXI.ARUSER_WIDTH" xilinx:valueSource="constant" xilinx:valuePermission="bd"/>
        <xilinx:configElementInfo xilinx:referenceId="BUSIFPARAM_VALUE.M00_AXI.AWUSER_WIDTH" xilinx:valueSource="constant" xilinx:valuePermission="bd"/>
        <xilinx:configElementInfo xilinx:referenceId="BUSIFPARAM_VALUE.M00_AXI.BUSER_WIDTH" xilinx:valueSource="constant" xilinx:valuePermission="bd"/>
        <xilinx:configElementInfo xilinx:referenceId="BUSIFPARAM_VALUE.M00_AXI.CLK_DOMAIN" xilinx:valuePermission="bd"/>
        <xilinx:configElementInfo xilinx:referenceId="BUSIFPARAM_VALUE.M00_AXI.DATA_WIDTH" xilinx:valueSource="auto" xilinx:valuePermission="bd"/>
        <xilinx:configElementInfo xilinx:referenceId="BUSIFPARAM_VALUE.M00_AXI.FREQ_HZ" xilinx:valuePermission="bd"/>
        <xilinx:configElementInfo xilinx:referenceId="BUSIFPARAM_VALUE.M00_AXI.HAS_BRESP" xilinx:valueSource="constant" xilinx:valuePermission="bd"/>
        <xilinx:configElementInfo xilinx:referenceId="BUSIFPARAM_VALUE.M00_AXI.HAS_BURST" xilinx:valueSource="constant" xilinx:valuePermission="bd"/>
        <xilinx:configElementInfo xilinx:referenceId="BUSIFPARAM_VALUE.M00_AXI.HAS_CACHE" xilinx:valueSource="constant" xilinx:valuePermission="bd"/>
        <xilinx:configElementInfo xilinx:referenceId="BUSIFPARAM_VALUE.M00_AXI.HAS_LOCK" xilinx:valueSource="constant" xilinx:valuePermission="bd"/>
        <xilinx:configElementInfo xilinx:referenceId="BUSIFPARAM_VALUE.M00_AXI.HAS_PROT" xilinx:valueSource="constant" xilinx:valuePermission="bd"/>
        <xilinx:configElementInfo xilinx:referenceId="BUSIFPARAM_VALUE.M00_AXI.HAS_QOS" xilinx:valueSource="constant" xilinx:valuePermission="bd"/>
        <xilinx:configElementInfo xilinx:referenceId="BUSIFPARAM_VALUE.M00_AXI.HAS_REGION" xilinx:valueSource="constant" xilinx:valuePermission="bd"/>
        <xilinx:configElementInfo xilinx:referenceId="BUSIFPARAM_VALUE.M00_AXI.HAS_RRESP" xilinx:valueSource="constant" xilinx:valuePermission="bd"/>
        <xilinx:configElementInfo xilinx:referenceId="BUSIFPARAM_VALUE.M00_AXI.HAS_WSTRB" xilinx:valueSource="constant" xilinx:valuePermission="bd"/>
        <xilinx:configElementInfo xilinx:referenceId="BUSIFPARAM_VALUE.M00_AXI.ID_WIDTH" xilinx:valueSource="constant" xilinx:valuePermission="bd"/>
        <xilinx:configElementInfo xilinx:referenceId="BUSIFPARAM_VALUE.M00_AXI.MAX_BURST_LENGTH" xilinx:valuePermission="bd"/>
        <xilinx:configElementInfo xilinx:referenceId="BUSIFPARAM_VALUE.M00_AXI.NUM_READ_OUTSTANDING" xilinx:valueSource="default_prop" xilinx:valuePermission="bd"/>
        <xilinx:configElementInfo xilinx:referenceId="BUSIFPARAM_VALUE.M00_AXI.NUM_WRITE_OUTSTANDING" xilinx:valueSource="default_prop" xilinx:valuePermission="bd"/>
        <xilinx:configElementInfo xilinx:referenceId="BUSIFPARAM_VALUE.M00_AXI.PHASE" xilinx:valuePermission="bd"/>
        <xilinx:configElementInfo xilinx:referenceId="BUSIFPARAM_VALUE.M00_AXI.PROTOCOL" xilinx:valueSource="constant" xilinx:valuePermission="bd"/>
        <xilinx:configElementInfo xilinx:referenceId="BUSIFPARAM_VALUE.M00_AXI.READ_WRITE_MODE" xilinx:valueSource="constant" xilinx:valuePermission="bd"/>
        <xilinx:configElementInfo xilinx:referenceId="BUSIFPARAM_VALUE.M00_AXI.RUSER_WIDTH" xilinx:valueSource="constant" xilinx:valuePermission="bd"/>
        <xilinx:configElementInfo xilinx:referenceId="BUSIFPARAM_VALUE.M00_AXI.WUSER_WIDTH" xilinx:valueSource="constant" xilinx:valuePermission="bd"/>
        <xilinx:configElementInfo xilinx:referenceId="BUSIFPARAM_VALUE.M00_AXI_CLK.CLK_DOMAIN" xilinx:valuePermission="bd"/>
        <xilinx:configElementInfo xilinx:referenceId="BUSIFPARAM_VALUE.M00_AXI_CLK.FREQ_HZ" xilinx:valuePermission="bd"/>
        <xilinx:configElementInfo xilinx:referenceId="BUSIFPARAM_VALUE.M00_AXI_CLK.PHASE" xilinx:valuePermission="bd"/>
      </xilinx:configElementInfos>
    </xilinx:coreExtensions>
    <xilinx:packagingInfo>
      <xilinx:xilinxVersion>2019.1</xilinx:xilinxVersion>
      <xilinx:checksum xilinx:scope="busInterfaces" xilinx:value="188e99b4"/>
      <xilinx:checksum xilinx:scope="addressSpaces" xilinx:value="55bfeea0"/>
      <xilinx:checksum xilinx:scope="fileGroups" xilinx:value="fee83127"/>
      <xilinx:checksum xilinx:scope="ports" xilinx:value="a65638d2"/>
      <xilinx:checksum xilinx:scope="hdlParameters" xilinx:value="042b06be"/>
      <xilinx:checksum xilinx:scope="parameters" xilinx:value="c9421ef7"/>
    </xilinx:packagingInfo>
  </spirit:vendorExtensions>
</spirit:component>
