<?xml version="1.0"?>
<Runs Version="1" Minor="0">
	<Run Id="design_1_videomemlab_master_0_0_synth_1" LaunchDir="C:/Users/jones/Desktop/EE316-Lab6/Lab6/Lab6.runs/design_1_videomemlab_master_0_0_synth_1" FlowId="Vivado_Synthesis" FromStepId="vivado" ToStepId="vivado"/>
	<Run Id="design_1_clk_wiz_0_0_synth_1" LaunchDir="C:/Users/jones/Desktop/EE316-Lab6/Lab6/Lab6.runs/design_1_clk_wiz_0_0_synth_1" FlowId="Vivado_Synthesis" FromStepId="vivado" ToStepId="vivado"/>
	<Run Id="design_1_keyboard_subordinate_0_0_synth_1" LaunchDir="C:/Users/jones/Desktop/EE316-Lab6/Lab6/Lab6.runs/design_1_keyboard_subordinate_0_0_synth_1" FlowId="Vivado_Synthesis" FromStepId="vivado" ToStepId="vivado"/>
	<Run Id="design_1_rst_clk_wiz_0_100M_0_synth_1" LaunchDir="C:/Users/jones/Desktop/EE316-Lab6/Lab6/Lab6.runs/design_1_rst_clk_wiz_0_100M_0_synth_1" FlowId="Vivado_Synthesis" FromStepId="vivado" ToStepId="vivado"/>
	<Run Id="design_1_xbar_0_synth_1" LaunchDir="C:/Users/jones/Desktop/EE316-Lab6/Lab6/Lab6.runs/design_1_xbar_0_synth_1" FlowId="Vivado_Synthesis" FromStepId="vivado" ToStepId="vivado"/>
	<Run Id="design_1_vga_bram_0_0_synth_1" LaunchDir="C:/Users/jones/Desktop/EE316-Lab6/Lab6/Lab6.runs/design_1_vga_bram_0_0_synth_1" FlowId="Vivado_Synthesis" FromStepId="vivado" ToStepId="vivado"/>
	<Run Id="design_1_rst_clk_wiz_0_50M_0_synth_1" LaunchDir="C:/Users/jones/Desktop/EE316-Lab6/Lab6/Lab6.runs/design_1_rst_clk_wiz_0_50M_0_synth_1" FlowId="Vivado_Synthesis" FromStepId="vivado" ToStepId="vivado" IsOrderedIPRun="true">
		<Parent Id="design_1_rst_clk_wiz_0_100M_0_synth_1"/>
	</Run>
	<Parameters>
		<Parameter Name="runs.monitorLSFJobs" Val="true" Type="bool"/>
	</Parameters>
</Runs>

